PRESCRIBER_SPECIALTY,FILLED_YEAR,TOTAL_FILLED,TOTAL_REFILLED,AVG_DAYS_SUPPLIED,MIN_DAYS_SUPPLIED,MAX_DAYS_SUPPLIED,MEDIAN_DAYS_SUPPLIED,0-5 DAYS SUPPLIED,6-10 DAYS SUPPLIED,11-20 DAYS SUPPLIED,21-30 DAYS SUPPLIED,31-60 DAYS SUPPLIED,61-90 DAYS SUPPLIED,91+ DAYS SUPPLIED
Unknown,2005,1357524,730109,14.604223,0,999,,507662,259239,190173,373823,15318,9453,1850
Unknown,2006,1983390,884767,14.309293,0,999,,761342,371291,266592,553060,17382,11695,2019
Unknown,2007,2085736,1050387,14.794039,0,999,,766066,384826,281139,620758,17698,13474,1765
Unknown,2008,2231103,1132871,14.850404,0,999,,801240,408614,301063,688145,17916,13157,959
Unknown,2009,2198509,1093808,15.332133,0,999,,763698,387014,285034,732828,17033,11943,950
Unknown,2010,2106351,1104700,16.057063,0,999,,690829,356646,269385,759589,15364,13715,818
Unknown,2011,1943366,1436299,16.391769,0,999,,629447,302323,235107,753099,11713,11314,357
Unknown,2012,1897736,1338709,16.692477,0,999,,602094,288324,219167,766054,11143,10699,250
Unknown,2013,1659384,895835,16.89353,0,999,,512492,253022,191571,683612,9023,9444,214
Unknown,2014,1422526,552229,17.255189,0,999,,430971,211349,151781,613236,7104,7916,163
Unknown,2015,1225814,264449,17.814579,0,999,,343926,185417,132179,552112,5611,6416,152
Unknown,2016,934382,234533,17.27361,0,1095,,273287,152905,105912,390870,4614,6711,83
Unknown,2017,705019,171920,16.952882,0,1095,,214473,135167,72992,266432,4925,10967,63
Unknown,2018,530434,162152,17.122788,0,360,,155232,110337,49281,202302,3429,9827,25
Unknown,2019,459252,196357,15.804656,0,240,,127789,108180,43582,177441,1134,1105,20
Unknown,2020,371275,124137,15.101466,1,365,,102036,96397,39797,131410,875,746,14
Unknown,2021,338827,133335,14.911521,0,180,,92513,91694,35550,117512,828,713,17
Unknown,2022,315845,144036,14.630578,1,473,,92146,83886,30802,107450,806,729,26
Unknown,2023,284028,87962,14.222196,1,300,,99274,63367,25560,94386,840,555,46
Acupuncturist,2017,3,0,35,30,45,30,0,0,0,2,1,0,0
Acupuncturist,2018,13,0,20.692307,5,30,30,1,3,2,7,0,0,0
Acupuncturist,2019,21,0,22.666666,2,90,20,2,6,3,8,1,1,0
Acupuncturist,2020,14,0,16.5,3,72,7,3,6,2,1,1,1,0
Advanced Practice Midwife,2005,92,36,3.532608,1,6,3,89,3,0,0,0,0,0
Advanced Practice Midwife,2006,286,13,3.55944,1,15,3,255,26,5,0,0,0,0
Advanced Practice Midwife,2007,426,8,3.899061,1,30,3,376,41,7,2,0,0,0
Advanced Practice Midwife,2008,563,50,4.37833,1,30,4,507,39,5,12,0,0,0
Advanced Practice Midwife,2009,444,24,4.22072,1,30,4,391,45,6,2,0,0,0
Advanced Practice Midwife,2010,397,37,4.261964,1,30,4,334,56,5,2,0,0,0
Advanced Practice Midwife,2011,459,102,4.625272,1,30,4,383,56,14,6,0,0,0
Advanced Practice Midwife,2012,510,72,5.284313,1,30,4,373,105,27,5,0,0,0
Advanced Practice Midwife,2013,593,62,4.983136,1,30,4,468,106,11,8,0,0,0
Advanced Practice Midwife,2014,831,64,5.085439,1,30,4,604,195,19,13,0,0,0
Advanced Practice Midwife,2015,944,3,4.828389,1,34,4,687,219,29,7,2,0,0
Advanced Practice Midwife,2016,815,68,4.531288,1,30,4,658,132,20,5,0,0,0
Advanced Practice Midwife,2017,721,71,4.95423,1,30,4,548,152,3,18,0,0,0
Advanced Practice Midwife,2018,662,3,4.373111,1,30,4,512,144,1,5,0,0,0
Advanced Practice Midwife,2019,618,57,4.425566,1,30,4,515,89,8,6,0,0,0
Advanced Practice Midwife,2020,535,7,4.095327,1,30,3,471,51,6,7,0,0,0
Advanced Practice Midwife,2021,510,2,3.698039,1,30,3,463,41,5,1,0,0,0
Advanced Practice Midwife,2022,756,11,4.383597,1,30,3,664,52,27,13,0,0,0
Advanced Practice Midwife,2023,921,1,4.178067,1,30,3,815,52,42,12,0,0,0
Allergy & Immunology,2005,1689,1326,14.106571,1,300,10,413,506,319,422,20,7,2
Allergy & Immunology,2006,2493,1494,13.318892,1,125,10,553,859,471,585,20,3,2
Allergy & Immunology,2007,3914,1901,13.645886,1,667,10,943,1070,1026,831,18,19,7
Allergy & Immunology,2008,5530,2449,11.492224,1,90,9,1724,1611,1265,879,24,27,0
Allergy & Immunology,2009,4674,3709,12.3267,1,90,9.5,1475,1348,853,968,17,13,0
Allergy & Immunology,2010,4519,4163,13.504757,0,160,10,1339,1102,917,1121,23,16,1
Allergy & Immunology,2011,4029,4940,15.067262,1,480,12,1057,881,779,1275,18,17,2
Allergy & Immunology,2012,3979,4507,15.982156,0,96,12,1147,671,682,1406,36,28,9
Allergy & Immunology,2013,4181,4228,16.49414,1,90,15,1150,674,725,1569,37,26,0
Allergy & Immunology,2014,4760,3578,18.461554,1,90,18.5,1100,634,751,2214,39,22,0
Allergy & Immunology,2015,2949,1082,17.880637,1,118,15,715,392,494,1305,35,7,1
Allergy & Immunology,2016,1504,551,15.125664,1,90,12,426,232,343,456,44,3,0
Allergy & Immunology,2017,1126,372,13.272646,1,90,10,357,238,242,267,18,4,0
Allergy & Immunology,2018,1247,506,12.313552,1,90,8,384,356,225,268,8,6,0
Allergy & Immunology,2019,1242,526,12.243961,1,90,7,362,366,225,278,8,3,0
Allergy & Immunology,2020,988,453,13.874493,1,90,9,212,309,178,281,4,4,0
Allergy & Immunology,2021,828,262,14.402173,1,90,8,164,278,114,265,6,1,0
Allergy & Immunology,2022,1080,310,12.356481,1,90,7,287,389,155,241,7,1,0
Allergy & Immunology,2023,1192,525,13.43708,1,48,7,309,391,126,363,3,0,0
Anesthesiologist Assistant,2018,8,14,29.75,28,30,30,0,0,0,8,0,0,0
Anesthesiologist Assistant,2019,5,9,10.2,2,30,2,3,0,1,1,0,0,0
Anesthesiologist Assistant,2020,3,0,3.333333,2,5,3,3,0,0,0,0,0,0
Anesthesiology,2005,35995,5392,24.714071,0,999,30,2346,3276,4624,25233,261,239,16
Anesthesiology,2006,55351,7050,24.828476,0,999,30,3710,4944,6128,39987,319,245,18
Anesthesiology,2007,72416,10189,25.235417,0,667,30,4403,6356,7469,53321,438,398,31
Anesthesiology,2008,94887,10937,26.082624,0,330,30,4500,6539,8285,74610,438,492,23
Anesthesiology,2009,105810,10174,25.855089,0,705,30,4773,8357,9263,82460,499,429,29
Anesthesiology,2010,110624,13355,25.942119,0,300,30,4985,7988,10235,86303,566,532,15
Anesthesiology,2011,119752,29959,25.839443,0,270,30,5867,8224,11544,92835,691,577,14
Anesthesiology,2012,152149,35035,25.548968,0,300,30,7221,9718,17236,116643,729,591,11
Anesthesiology,2013,168303,33474,25.913079,0,999,30,5993,9509,19662,132008,494,622,15
Anesthesiology,2014,196116,24967,25.973189,0,365,30,6680,9656,23366,155220,567,611,16
Anesthesiology,2015,207515,10233,26.476813,1,300,30,6707,9734,17816,172035,621,580,20
Anesthesiology,2016,220205,11773,26.421534,1,999,30,7134,11093,19469,181307,621,565,16
Anesthesiology,2017,243017,14022,26.332824,1,180,30,7785,15907,18304,199738,635,633,15
Anesthesiology,2018,231512,15426,26.000859,0,240,30,7435,20154,15080,187911,460,460,12
Anesthesiology,2019,219767,16766,25.98285,1,330,30,6485,20583,13079,179022,352,238,7
Anesthesiology,2020,189050,13113,26.494054,1,283,30,4322,16136,10132,157998,274,180,8
Anesthesiology,2021,177627,15167,26.67573,1,180,30,3712,14812,8891,149784,258,161,9
Anesthesiology,2022,180226,15147,26.748898,1,144,30,3524,13992,9839,152496,214,155,6
Anesthesiology,2023,179015,15342,26.684691,1,300,30,3490,14238,9763,151165,246,99,14
Clinical Nurse Specialist,2005,4479,2393,17.971198,1,999,15,692,1103,952,1652,39,36,5
Clinical Nurse Specialist,2006,6990,3042,20.405865,1,667,21,802,1432,1232,3367,96,60,1
Clinical Nurse Specialist,2007,7493,4201,19.829841,0,150,20,1146,1473,1129,3605,87,51,2
Clinical Nurse Specialist,2008,10826,5591,20.659615,1,90,30,2018,1543,1228,5864,87,86,0
Clinical Nurse Specialist,2009,13348,6267,21.507491,0,90,30,2199,1538,1577,7831,130,73,0
Clinical Nurse Specialist,2010,13484,5920,20.692969,0,390,30,2971,1511,1257,7519,118,105,3
Clinical Nurse Specialist,2011,14221,7396,19.371,1,120,25,3858,1354,1511,7297,103,97,1
Clinical Nurse Specialist,2012,15145,8338,17.621393,0,90,15,4844,1661,1754,6693,103,90,0
Clinical Nurse Specialist,2013,13562,7741,17.160227,1,90,15,4605,1396,1555,5894,43,69,0
Clinical Nurse Specialist,2014,14769,6049,17.348703,1,90,15,4922,1512,1713,6479,68,75,0
Clinical Nurse Specialist,2015,19566,2953,18.196923,1,180,20,5712,2205,2183,9310,89,65,2
Clinical Nurse Specialist,2016,23705,2655,18.36912,1,180,21,6982,2428,2418,11615,154,105,3
Clinical Nurse Specialist,2017,24047,3486,17.219154,1,90,15,7616,2950,2516,10754,98,113,0
Clinical Nurse Specialist,2018,19195,4175,15.302735,1,90,10,6175,3440,2633,6840,71,36,0
Clinical Nurse Specialist,2019,21870,10851,15.92021,1,90,14,6393,4067,2920,8427,47,16,0
Clinical Nurse Specialist,2020,19945,11085,16.458611,1,90,14,5509,3374,3000,8001,31,30,0
Clinical Nurse Specialist,2021,19979,12776,16.085139,1,90,14,5761,3569,2834,7742,54,19,0
Clinical Nurse Specialist,2022,22997,3917,16.856416,1,99,15,6552,3571,2992,9789,70,22,1
Clinical Nurse Specialist,2023,25784,2461,18.074968,1,120,20,6771,3676,2854,12362,91,27,3
Clinical Pharmacology,2015,4,0,4.75,3,7,4.5,2,2,0,0,0,0,0
Clinical Pharmacology,2016,2,0,4.5,4,5,4.5,2,0,0,0,0,0,0
Clinical Pharmacology,2017,73,6,12.671232,1,30,7,23,27,4,19,0,0,0
Clinical Pharmacology,2018,26,3,14.76923,2,30,14,5,5,9,7,0,0,0
Clinical Pharmacology,2019,66,0,8.121212,1,29,7,29,24,8,5,0,0,0
Clinical Pharmacology,2020,4,0,4.5,3,6,4.5,3,1,0,0,0,0,0
Clinical Pharmacology,2021,1,0,3,3,3,3,1,0,0,0,0,0,0
Colon & Rectal Surgery,2005,6725,3499,6.949888,0,999,5,4938,1360,158,230,10,16,13
Colon & Rectal Surgery,2006,10678,4690,6.436785,1,425,5,7492,2432,355,337,22,28,12
Colon & Rectal Surgery,2007,11906,5647,6.661347,0,625,5,8365,2738,319,382,56,32,14
Colon & Rectal Surgery,2008,13588,6793,6.449882,0,333,5,9491,3174,364,485,46,20,8
Colon & Rectal Surgery,2009,14493,6745,6.452563,0,333,5,10101,3287,453,601,19,29,3
Colon & Rectal Surgery,2010,14479,6964,6.704744,1,667,5,9899,3310,526,713,10,15,6
Colon & Rectal Surgery,2011,14096,8574,6.921325,1,333,5,9706,3024,476,812,36,40,2
Colon & Rectal Surgery,2012,14685,13439,7.580456,0,90,5,9523,3426,542,1071,73,50,0
Colon & Rectal Surgery,2013,15134,8684,7.899035,1,300,5,9523,3652,627,1200,66,65,1
Colon & Rectal Surgery,2014,13976,6958,8.432527,1,90,5,8588,3359,585,1287,84,73,0
Colon & Rectal Surgery,2015,13046,4220,8.888164,1,90,5,6881,4091,838,1093,56,87,0
Colon & Rectal Surgery,2016,13329,4735,8.820091,1,90,5,7174,4026,786,1222,59,62,0
Colon & Rectal Surgery,2017,12883,4438,8.633703,1,900,5,7068,3976,592,1129,38,77,3
Colon & Rectal Surgery,2018,12389,4321,8.074501,1,90,5,6820,4052,367,1043,52,55,0
Colon & Rectal Surgery,2019,11412,3816,7.986768,1,90,5,6065,4060,242,920,65,60,0
Colon & Rectal Surgery,2020,10121,3706,8.33218,1,90,5,5536,3330,181,960,55,59,0
Colon & Rectal Surgery,2021,10312,2822,7.661171,1,90,5,6047,3172,218,789,24,62,0
Colon & Rectal Surgery,2022,9146,2043,7.272359,1,90,5,5640,2611,225,582,25,63,0
Colon & Rectal Surgery,2023,9130,1018,6.305366,1,120,5,6167,2294,211,413,17,26,2
Community Health Worker,2021,315,0,5.361904,1,30,6,147,153,14,1,0,0,0
Community Health Worker,2022,380,0,6.815789,1,30,6,155,179,23,23,0,0,0
Community Health Worker,2023,75,7,11.16,1,60,7,9,45,10,10,1,0,0
Contractor,2005,817,11,5.725826,2,30,5,616,144,36,21,0,0,0
Contractor,2006,919,41,5.821545,1,45,5,682,184,23,28,2,0,0
Contractor,2007,723,12,6.019363,1,90,5,546,137,19,18,0,3,0
Contractor,2008,782,24,5.574168,1,30,5,597,148,21,16,0,0,0
Contractor,2009,808,50,6.099009,2,30,5,572,189,21,26,0,0,0
Contractor,2010,690,38,6.223188,2,30,5,460,177,45,8,0,0,0
Contractor,2011,724,159,6.04558,1,30,5,472,206,33,13,0,0,0
Contractor,2012,675,126,5.648888,1,30,5,473,172,22,8,0,0,0
Contractor,2013,256,3,6.136718,2,30,5,163,86,4,3,0,0,0
Contractor,2014,290,0,5.965517,2,20,5,200,81,9,0,0,0,0
Contractor,2015,415,0,6.385542,2,30,5,280,118,12,5,0,0,0
Contractor,2016,357,0,7.565826,1,50,5,183,139,31,3,1,0,0
Contractor,2017,213,0,6.746478,2,30,5,114,95,3,1,0,0,0
Contractor,2018,1,0,4,4,4,4,1,0,0,0,0,0,0
Counselor,2008,1,0,7,7,7,7,0,1,0,0,0,0,0
Counselor,2013,1,0,4,4,4,4,1,0,0,0,0,0,0
Counselor,2014,4,5,18.25,14,30,14.5,0,0,3,1,0,0,0
Counselor,2015,13,38,20.846153,4,30,30,4,0,1,8,0,0,0
Counselor,2016,15,56,21.933333,7,30,17,0,1,7,7,0,0,0
Counselor,2017,3,0,4,3,5,4,3,0,0,0,0,0,0
Counselor,2018,11,0,11,2,28,8,4,3,2,2,0,0,0
Counselor,2019,45,0,16.2,2,30,14,5,12,9,19,0,0,0
Counselor,2020,202,0,16.633663,1,29,14,28,54,32,88,0,0,0
Counselor,2021,76,0,14.407894,2,29,11,12,26,13,25,0,0,0
Counselor,2022,8,0,19.25,4,28,24,2,0,2,4,0,0,0
Dental Assistant,2011,43,2,4,3,15,3,41,1,1,0,0,0,0
Dental Assistant,2012,44,1,4.568181,2,22,3.5,38,4,1,1,0,0,0
Dental Assistant,2013,40,16,3.625,2,5,3,40,0,0,0,0,0,0
Dental Assistant,2014,51,7,4.17647,3,10,4,48,3,0,0,0,0,0
Dental Assistant,2015,84,0,3.583333,1,15,3,83,0,1,0,0,0,0
Dental Assistant,2016,48,1,5.666666,2,30,4,32,14,1,1,0,0,0
Dental Assistant,2017,53,0,4.509433,2,30,4,47,4,1,1,0,0,0
Dental Assistant,2018,43,2,4.72093,2,25,4,39,1,2,1,0,0,0
Dental Assistant,2019,62,0,4.225806,2,30,3,57,2,2,1,0,0,0
Dental Assistant,2020,88,1,3.215909,1,10,3,83,5,0,0,0,0,0
Dental Assistant,2021,25,0,3.8,3,5,4,25,0,0,0,0,0,0
Dental Assistant,2022,1,0,10,10,10,10,0,1,0,0,0,0,0
Dental Assistant,2023,3,0,2.666666,2,3,3,3,0,0,0,0,0,0
Dentist,2005,172139,28574,5.092419,0,999,3,151052,14752,2561,3314,148,41,271
Dentist,2006,282883,36670,4.840029,0,999,3,247284,24705,4256,6092,202,44,300
Dentist,2007,307177,42385,4.819628,0,999,3,267492,27089,4774,7233,251,55,283
Dentist,2008,331884,47324,4.714577,0,999,3,287045,30330,5321,8863,164,49,112
Dentist,2009,338079,45690,4.769252,0,889,4,290409,32185,5564,9531,234,60,96
Dentist,2010,333360,45878,4.822393,0,999,4,283907,33934,5142,9997,234,54,92
Dentist,2011,321174,54647,4.623733,0,875,3,275671,30920,4687,9691,171,26,8
Dentist,2012,349775,54467,4.520517,0,763,3,302454,32828,4933,9414,108,34,4
Dentist,2013,341428,45946,4.397114,0,317,3,296964,32373,4083,7854,123,26,5
Dentist,2014,352059,35372,4.528823,0,812,3,303641,33687,5116,9404,178,28,5
Dentist,2015,366724,6058,4.559674,0,500,4,314434,36502,6330,9214,195,41,8
Dentist,2016,362065,5387,4.335616,0,999,3,314743,35042,5046,7062,129,40,3
Dentist,2017,343585,4246,4.11687,1,222,3,303295,32344,2538,5275,81,50,2
Dentist,2018,289297,3078,3.861847,0,999,3,260349,24398,1136,3356,34,23,1
Dentist,2019,254239,2345,3.708081,0,90,3,232201,18873,632,2499,24,10,0
Dentist,2020,230779,2554,3.566776,1,99,3,213496,14281,654,2314,24,8,1
Dentist,2021,206388,1572,3.522719,1,99,3,188621,15119,647,1973,20,7,1
Dentist,2022,179557,1345,3.421838,1,99,3,166427,11068,415,1629,11,5,2
Dentist,2023,172773,1199,3.359599,1,99,3,161629,9234,419,1467,21,2,1
Dermatology,2005,4543,2655,9.195245,0,999,4,2955,662,353,514,17,37,5
Dermatology,2006,7073,3668,8.900042,0,667,4,4564,1082,521,819,34,48,5
Dermatology,2007,8234,3818,8.043721,1,667,4,5654,1141,586,783,20,41,9
Dermatology,2008,9520,4951,8.194012,0,875,4,6342,1324,717,1055,40,41,1
Dermatology,2009,10310,5035,8.241125,0,667,4,6905,1357,733,1232,41,37,5
Dermatology,2010,10180,5308,9.269056,0,667,4,6686,1100,755,1539,36,61,3
Dermatology,2011,10003,5361,8.875937,0,90,4,6758,948,600,1626,30,41,0
Dermatology,2012,15041,5286,14.820291,1,90,7,7091,1080,941,5862,33,34,0
Dermatology,2013,9352,4678,8.319931,1,90,4,6587,901,470,1344,11,39,0
Dermatology,2014,8496,3075,7.856638,1,90,4,6274,705,305,1166,17,28,0
Dermatology,2015,8984,1865,7.519479,0,90,4,6762,737,334,1116,22,13,0
Dermatology,2016,8601,1213,6.194977,1,90,3,6964,656,256,688,18,19,0
Dermatology,2017,8116,1201,5.346722,1,90,3,6912,559,127,496,12,10,0
Dermatology,2018,6107,936,6.029146,1,90,3,5064,388,125,510,8,12,0
Dermatology,2019,4795,222,5.844629,1,90,3,3989,303,94,400,3,6,0
Dermatology,2020,4325,182,6.589826,1,90,3,3376,382,107,445,6,9,0
Dermatology,2021,3671,197,6.231816,1,90,4,2835,465,39,325,4,3,0
Dermatology,2022,2736,115,5.653143,1,90,3,2253,227,35,215,5,1,0
Dermatology,2023,2689,87,5.094458,1,30,3,2302,198,36,153,0,0,0
"Emergency Medical Technician, Intermediate",2006,2,0,1,1,1,1,2,0,0,0,0,0,0
"Emergency Medical Technician, Intermediate",2007,10,0,3.2,2,5,3,10,0,0,0,0,0,0
"Emergency Medical Technician, Intermediate",2008,13,0,3.692307,2,6,3,10,3,0,0,0,0,0
"Emergency Medical Technician, Intermediate",2009,11,0,4.363636,1,10,3,7,4,0,0,0,0,0
"Emergency Medical Technician, Intermediate",2010,162,0,2.839506,1,10,3,159,3,0,0,0,0,0
"Emergency Medical Technician, Intermediate",2011,328,3,3.439024,1,20,3,316,9,3,0,0,0,0
"Emergency Medical Technician, Intermediate",2012,553,2,3.014466,1,7,3,552,1,0,0,0,0,0
"Emergency Medical Technician, Intermediate",2013,650,1,3.032307,1,7,3,646,4,0,0,0,0,0
"Emergency Medical Technician, Intermediate",2014,569,2,3.929701,2,12,4,555,11,3,0,0,0,0
"Emergency Medical Technician, Intermediate",2015,570,0,3.915789,1,30,4,564,4,1,1,0,0,0
"Emergency Medical Technician, Intermediate",2016,80,0,4.8625,1,20,4,61,16,3,0,0,0,0
"Emergency Medical Technician, Intermediate",2017,100,0,4.8,2,10,5,74,26,0,0,0,0,0
"Emergency Medical Technician, Intermediate",2018,86,0,4.279069,1,10,4,70,16,0,0,0,0,0
"Emergency Medical Technician, Intermediate",2019,315,0,3.203174,2,7,3,307,8,0,0,0,0,0
"Emergency Medical Technician, Intermediate",2020,319,0,3.059561,1,6,3,318,1,0,0,0,0,0
"Emergency Medical Technician, Intermediate",2021,267,0,2.883895,1,6,3,266,1,0,0,0,0,0
"Emergency Medical Technician, Intermediate",2022,192,0,2.791666,1,4,3,192,0,0,0,0,0,0
"Emergency Medical Technician, Intermediate",2023,265,0,2.75849,1,4,3,265,0,0,0,0,0,0
Emergency Medicine,2005,145727,11757,4.964508,0,875,3,127413,9847,3718,4293,163,133,160
Emergency Medicine,2006,250738,14610,4.564936,0,875,3,222886,15508,4948,6842,233,109,212
Emergency Medicine,2007,276374,18347,4.694457,0,875,3,245203,15712,5873,9042,178,134,232
Emergency Medicine,2008,316612,25701,5.020548,-93,875,3,273812,20788,6904,14609,179,168,151
Emergency Medicine,2009,333387,28691,5.321866,0,875,3,285782,22349,6837,17769,248,160,242
Emergency Medicine,2010,321033,25899,4.894232,0,875,3,279543,23150,5549,12351,144,137,159
Emergency Medicine,2011,320907,34884,4.390929,0,875,3,281056,25285,5927,8397,121,98,23
Emergency Medicine,2012,331243,29622,4.444477,0,411,3,289318,26699,6458,8540,117,100,11
Emergency Medicine,2013,311709,13919,4.219066,0,473,3,274803,25828,5692,5232,79,65,10
Emergency Medicine,2014,317790,8154,4.007951,0,145,3,283816,24651,5560,3615,74,70,4
Emergency Medicine,2015,353351,2793,3.93672,0,812,3,317622,26917,5380,3285,91,53,3
Emergency Medicine,2016,333155,2100,3.96169,0,309,3,298180,26299,5231,3300,93,43,9
Emergency Medicine,2017,294514,2738,3.974928,1,180,3,262672,24051,4199,3478,74,36,4
Emergency Medicine,2018,232754,2067,3.97124,0,90,3,205997,20623,3041,3000,69,24,0
Emergency Medicine,2019,189039,1903,4.119758,1,90,3,165909,17112,2605,3324,72,17,0
Emergency Medicine,2020,164436,12066,4.296467,1,500,3,141443,16152,3106,3646,58,28,3
Emergency Medicine,2021,165767,36299,4.561963,1,240,3,136702,21119,2854,4993,53,44,2
Emergency Medicine,2022,165535,37330,5.205231,1,120,3,132303,20505,4208,8416,60,41,2
Emergency Medicine,2023,187884,59786,6.518293,1,125,3,132329,28008,12632,14810,70,34,1
Family Medicine,2005,657380,464266,16.783193,0,999,12,168507,145909,114170,210133,10278,7517,863
Family Medicine,2006,1008712,635181,16.66877,0,999,12,258544,223118,168761,334989,12546,9920,834
Family Medicine,2007,1134210,805332,17.272176,0,999,14,271142,244247,189087,403568,13081,12342,743
Family Medicine,2008,1380223,969658,17.248959,0,999,15,321822,294428,228436,508261,13752,13003,517
Family Medicine,2009,1500993,1044609,17.769771,0,999,15,334517,308754,239726,590280,13585,13533,594
Family Medicine,2010,1561504,1167558,18.701012,0,999,15,316762,303310,243980,665485,14264,17247,454
Family Medicine,2011,1551816,1686401,19.166082,0,999,20,296667,285121,240307,699605,13063,16795,257
Family Medicine,2012,1670921,1836094,19.632564,0,999,20,300482,295088,255842,787429,13853,18034,187
Family Medicine,2013,1655328,1403856,20.153967,0,999,22,271248,281444,255492,816238,13782,16910,206
Family Medicine,2014,1587020,1051100,20.792442,0,999,25,243257,255526,232375,825877,12420,17384,177
Family Medicine,2015,1740568,616865,21.60833,0,900,30,229744,254797,258430,966506,12541,18432,104
Family Medicine,2016,1741843,680074,21.710281,0,999,30,222092,256558,254342,978945,11777,18002,119
Family Medicine,2017,1693298,673034,20.953669,0,17478,28,225530,299656,232225,908203,11113,16445,115
Family Medicine,2018,1511871,655046,20.244286,0,546,25,207446,299204,197605,789049,7354,11101,109
Family Medicine,2019,1397069,579521,19.708816,0,546,23,185491,308702,178750,711639,5207,7158,117
Family Medicine,2020,1330288,591832,19.657715,0,473,23,148917,318203,181873,670970,4188,6056,77
Family Medicine,2021,1225839,562572,19.833791,1,301,25,136040,289279,160417,630778,3565,5715,44
Family Medicine,2022,1138428,479604,19.847687,-14,300,25,128328,259913,155721,585942,3392,5086,44
Family Medicine,2023,1047735,373316,20.096771,1,600,26,112748,228742,148280,550588,3358,3858,161
General Practice,2005,51026,29446,18.851624,0,999,16,12057,8680,7618,21299,792,514,65
General Practice,2006,75518,31933,17.695529,0,999,15,18829,13849,11506,29913,873,480,68
General Practice,2007,84315,41047,18.616165,0,999,16,18915,15117,13017,35594,903,651,118
General Practice,2008,97604,46009,18.421263,0,999,16,21725,17027,15008,41984,1176,595,89
General Practice,2009,108493,46089,18.05686,0,731,15,26097,18479,15646,46509,1081,602,79
General Practice,2010,110804,50432,18.37745,0,375,17,25618,18709,15454,49132,1110,756,23
General Practice,2011,105198,63660,18.281326,0,365,16,23972,18136,15472,45902,949,749,18
General Practice,2012,110077,86388,18.184707,0,240,16,24744,19933,16038,47510,1016,818,18
General Practice,2013,90804,60975,17.70346,0,180,15,22131,16426,12794,38142,697,603,9
General Practice,2014,85494,40170,18.672912,0,300,20,18739,14569,11394,39586,666,529,11
General Practice,2015,95282,19853,19.717995,0,315,25,18832,13163,13336,48837,643,460,10
General Practice,2016,95058,24475,20.150308,1,150,27,17925,12528,12941,50591,595,471,7
General Practice,2017,107626,21565,18.251324,1,140,20,19781,24769,12185,49977,492,417,4
General Practice,2018,96290,18163,17.048925,1,180,13,17309,29510,8080,40663,350,371,7
General Practice,2019,87042,17515,17.042657,1,180,14,14589,27182,8025,36725,261,255,5
General Practice,2020,63194,33961,18.823954,1,90,21,9160,16078,6195,31404,184,173,0
General Practice,2021,54092,38915,18.235043,1,120,16,6826,16885,4291,25787,197,104,2
General Practice,2022,48118,30175,19.060185,1,189,24,6348,12260,4638,24621,154,92,5
General Practice,2023,43369,20949,19.189029,1,300,23,5813,9366,6157,21867,95,67,4
Hospitalist,2005,13742,10587,17.301047,0,999,13,3622,2704,2647,4253,329,157,30
Hospitalist,2006,17616,13024,16.372729,0,999,12,5044,3372,3368,5323,331,144,34
Hospitalist,2007,19624,15450,16.417193,0,999,14,5524,3514,3647,6428,336,162,12
Hospitalist,2008,22374,15219,16.047108,0,333,12,6645,4149,3779,7286,337,163,15
Hospitalist,2009,24698,15011,17.214308,0,875,15,6735,4069,3848,9601,296,138,11
Hospitalist,2010,26381,16608,17.328152,0,333,15,7400,4293,3402,10862,279,135,9
Hospitalist,2011,23764,17188,15.333908,0,200,10,8172,4057,3159,8057,218,98,3
Hospitalist,2012,24593,19243,15.661245,0,120,10,8055,4264,3381,8638,147,106,2
Hospitalist,2013,22927,12908,13.843023,0,240,8,8432,4470,3577,6227,139,78,4
Hospitalist,2014,23359,8683,13.267049,0,180,7,9338,4860,2891,6064,69,134,3
Hospitalist,2015,28066,5712,14.455675,0,120,8,10708,5583,2565,8985,64,160,1
Hospitalist,2016,27580,4716,12.138469,1,120,7,12191,6207,2678,6332,49,121,2
Hospitalist,2017,27413,3283,11.003465,1,120,6,13416,6219,2012,5639,55,68,4
Hospitalist,2018,23438,1068,7.235386,0,150,5,14689,5408,1284,2033,11,12,1
Hospitalist,2019,23097,752,5.707234,0,100,4,15819,5197,1217,852,9,2,1
Hospitalist,2020,26152,1273,9.437289,1,90,5,13173,6134,2773,4043,25,4,0
Hospitalist,2021,26817,3851,8.474475,1,100,5,15285,5346,2748,3405,27,4,2
Hospitalist,2022,25362,2287,8.737717,1,90,5,15161,4223,2079,3855,36,8,0
Hospitalist,2023,29755,2333,10.669164,1,120,5,16098,4884,1962,6739,52,18,2
Independent Medical Examiner,2008,2,0,30,30,30,30,0,0,0,2,0,0,0
Independent Medical Examiner,2009,6,0,21.333333,3,30,27.5,1,1,0,4,0,0,0
Independent Medical Examiner,2010,1,0,25,25,25,25,0,0,0,1,0,0,0
Independent Medical Examiner,2013,3,0,12,12,12,12,0,0,3,0,0,0,0
Independent Medical Examiner,2014,2,0,10,10,10,10,0,2,0,0,0,0,0
Independent Medical Examiner,2016,1,0,21,21,21,21,0,0,0,1,0,0,0
Internal Medicine,2005,358675,312681,20.345036,0,999,17,57073,66721,74042,146681,7529,5835,791
Internal Medicine,2006,553811,419439,19.985332,0,999,17,89925,101397,110190,234331,9542,7668,755
Internal Medicine,2007,621472,522189,20.367036,0,999,20,93960,110736,121640,274906,10442,9217,570
Internal Medicine,2008,717237,605506,20.266005,0,999,20,104988,126265,139292,325897,10935,9442,409
Internal Medicine,2009,769547,634480,20.734532,0,999,22,105553,128708,143884,370226,11181,9616,364
Internal Medicine,2010,820478,722821,21.333014,0,999,25,106046,130749,146687,413245,11376,12063,305
Internal Medicine,2011,819166,962347,21.649676,0,999,28,100276,122885,141434,433129,9955,11350,125
Internal Medicine,2012,902398,984421,22.152557,0,629,30,102497,127685,148205,501220,10509,12182,97
Internal Medicine,2013,882653,797446,22.540452,0,365,30,93498,117631,142619,507282,10136,11377,107
Internal Medicine,2014,861256,612855,22.874903,0,802,30,89760,109994,134851,505514,8818,12213,104
Internal Medicine,2015,928146,438154,23.455348,0,360,30,86739,108792,139495,571517,8458,13070,73
Internal Medicine,2016,946879,473969,23.252403,0,304,30,93329,113386,137635,582605,7779,12068,76
Internal Medicine,2017,923003,453634,22.795686,0,304,30,90955,130833,129009,553225,7444,11494,43
Internal Medicine,2018,867693,399589,21.441869,0,999,30,98565,148868,122507,484739,4990,7986,36
Internal Medicine,2019,829786,356354,20.416378,0,300,28,101496,162384,117309,440235,3517,4809,34
Internal Medicine,2020,740938,309008,20.82333,0,250,28,78647,140450,110203,405166,2699,3749,23
Internal Medicine,2021,658547,272245,20.589376,1,360,28,74568,123115,100816,354539,2251,3242,15
Internal Medicine,2022,588217,230753,20.521596,1,365,28,68979,108871,89456,315973,2095,2813,29
Internal Medicine,2023,528012,176006,20.043597,1,675,25,66190,101056,82587,274211,1918,1958,91
Licensed Practical Nurse,2011,3,0,10.666666,2,25,5,2,0,0,1,0,0,0
Licensed Practical Nurse,2012,63,0,7.523809,3,30,5,38,13,9,3,0,0,0
Licensed Practical Nurse,2013,170,6,7.482352,1,41,5,88,53,23,5,1,0,0
Licensed Practical Nurse,2014,160,3,8.23125,2,30,5.5,80,59,8,13,0,0,0
Licensed Practical Nurse,2015,154,0,7.188311,2,30,5,90,48,9,7,0,0,0
Licensed Practical Nurse,2016,326,6,9.263803,2,60,7,99,155,56,15,1,0,0
Licensed Practical Nurse,2017,189,35,7.126984,1,30,7,80,93,11,5,0,0,0
Licensed Practical Nurse,2018,168,0,5.321428,2,15,5,88,77,3,0,0,0,0
Licensed Practical Nurse,2019,23,0,5.391304,2,10,6,11,12,0,0,0,0,0
Licensed Practical Nurse,2020,12,0,6,3,10,6,6,6,0,0,0,0,0
Licensed Practical Nurse,2021,5,0,4.4,2,7,4,4,1,0,0,0,0,0
Licensed Practical Nurse,2022,122,13,27.221311,5,30,30,4,8,2,108,0,0,0
Licensed Practical Nurse,2023,204,8,26.308823,3,30,30,6,19,7,172,0,0,0
Medical Genetics,2005,357,160,6.417366,1,30,5,217,113,20,7,0,0,0
Medical Genetics,2006,417,243,6.290167,1,333,5,305,95,5,11,0,0,1
Medical Genetics,2007,337,140,5.45994,1,30,4,243,74,15,5,0,0,0
Medical Genetics,2008,329,142,5.273556,0,90,4,254,62,5,7,0,1,0
Medical Genetics,2009,297,131,5.087542,1,20,5,208,81,8,0,0,0,0
Medical Genetics,2010,180,2,5.927777,2,30,5,139,29,8,4,0,0,0
Medical Genetics,2011,220,8,5.877272,1,30,5,171,38,9,2,0,0,0
Medical Genetics,2012,168,2,5.97619,1,20,5,133,23,12,0,0,0,0
Medical Genetics,2013,151,0,5.708609,2,30,5,111,36,3,1,0,0,0
Medical Genetics,2014,144,4,7.048611,2,30,5,77,56,7,4,0,0,0
Medical Genetics,2015,53,15,8.660377,1,30,6,23,22,2,6,0,0,0
Medical Genetics,2016,25,0,16.04,3,30,10,7,6,2,10,0,0,0
Medical Genetics,2017,45,26,16.311111,2,90,7,20,6,5,12,0,2,0
Medical Genetics,2018,13,32,16.692307,5,30,10,2,5,2,4,0,0,0
Medical Genetics,2019,31,87,15.48387,3,30,15,6,9,6,10,0,0,0
Medical Genetics,2020,59,191,19.728813,2,30,20,7,6,21,25,0,0,0
Medical Genetics,2021,28,80,23.214285,1,30,30,2,2,7,17,0,0,0
Medical Genetics,2022,27,51,10.814814,2,22,7,2,18,2,5,0,0,0
Midwife,2005,126,40,4.126984,1,30,3,116,6,1,3,0,0,0
Midwife,2006,198,23,4.010101,1,15,3,175,18,5,0,0,0,0
Midwife,2007,192,21,3.927083,1,30,3,172,16,1,3,0,0,0
Midwife,2008,250,42,5.332,1,30,4,209,23,6,12,0,0,0
Midwife,2009,430,20,4.653488,1,30,4,346,73,9,2,0,0,0
Midwife,2010,932,39,5.251072,1,60,4,691,211,15,12,3,0,0
Midwife,2011,1080,72,5.837037,1,50,5,613,437,15,10,5,0,0
Midwife,2012,1132,28,5.726148,1,30,5,619,493,9,11,0,0,0
Midwife,2013,1206,69,5.494195,1,34,5,698,488,13,6,1,0,0
Midwife,2014,1573,41,5.460267,1,30,5,906,640,15,12,0,0,0
Midwife,2015,1481,36,5.709655,1,30,5,845,600,12,24,0,0,0
Midwife,2016,1208,33,5.25745,1,30,4,869,303,10,26,0,0,0
Midwife,2017,1119,68,4.556747,1,30,4,990,96,14,19,0,0,0
Midwife,2018,708,62,4.594632,1,30,4,612,80,2,14,0,0,0
Midwife,2019,543,27,4.745856,1,30,5,467,67,3,6,0,0,0
Midwife,2020,472,18,5.105932,1,45,5,329,139,0,0,4,0,0
Midwife,2021,535,5,4.897196,1,30,5,345,185,3,2,0,0,0
Midwife,2022,513,0,3.881091,1,10,4,489,24,0,0,0,0,0
Midwife,2023,441,2,3.56009,1,30,3,416,22,1,2,0,0,0
Neurological Surgery,2005,18507,9774,12.822931,0,999,8,4024,7655,4002,2659,81,53,33
Neurological Surgery,2006,26815,10436,13.534215,0,999,10,5490,10571,5809,4608,178,112,47
Neurological Surgery,2007,30862,13536,13.051649,0,667,10,5985,12518,7125,4936,149,118,31
Neurological Surgery,2008,30324,13592,12.469562,0,999,9,6104,12947,6490,4517,167,86,13
Neurological Surgery,2009,30617,13429,12.272528,0,420,9,6375,12813,6561,4640,162,48,18
Neurological Surgery,2010,28613,13339,12.553349,0,999,9,6051,12117,5650,4544,175,66,9
Neurological Surgery,2011,27354,15039,12.232689,1,625,10,4976,12458,5652,4093,133,36,6
Neurological Surgery,2012,27102,15622,12.255294,0,90,10,4831,12030,6155,3876,158,52,0
Neurological Surgery,2013,25666,12243,12.402166,1,180,10,4217,11561,5871,3815,151,49,2
Neurological Surgery,2014,22260,6829,12.256738,1,90,10,3691,9943,5558,2908,132,28,0
Neurological Surgery,2015,22717,1097,13.214817,0,90,10,2738,9165,7308,3409,74,23,0
Neurological Surgery,2016,23454,1258,13.261192,1,90,10,2736,9442,7619,3555,75,27,0
Neurological Surgery,2017,25996,1161,12.040852,1,120,10,3960,11822,6831,3292,65,25,1
Neurological Surgery,2018,29400,1191,10.157959,1,90,7,5543,14599,6937,2260,39,22,0
Neurological Surgery,2019,35045,1202,10.263461,1,90,7,6063,16091,10490,2356,31,14,0
Neurological Surgery,2020,22220,858,9.679162,1,90,7,3721,13672,2860,1950,10,7,0
Neurological Surgery,2021,25948,483,9.054339,1,90,7,4122,17565,2253,1988,14,6,0
Neurological Surgery,2022,26263,309,8.893614,1,90,7,3586,18198,2875,1577,25,2,0
Neurological Surgery,2023,27785,408,8.992801,1,728,7,4028,19054,2811,1875,16,0,1
Neuromusculoskeletal Medicine & OMM,2005,655,153,18.80458,0,100,13,159,151,101,191,25,27,1
Neuromusculoskeletal Medicine & OMM,2006,1044,245,18.480842,1,113,15,259,214,163,349,30,27,2
Neuromusculoskeletal Medicine & OMM,2007,1122,304,18.772727,0,113,15,235,258,137,438,32,19,3
Neuromusculoskeletal Medicine & OMM,2008,1392,223,18.46408,1,90,16,273,312,178,596,20,13,0
Neuromusculoskeletal Medicine & OMM,2009,1576,241,18.904187,1,90,16,217,393,251,684,13,18,0
Neuromusculoskeletal Medicine & OMM,2010,1766,502,20.227633,0,90,22,211,404,260,847,26,18,0
Neuromusculoskeletal Medicine & OMM,2011,1522,596,21.900788,1,90,30,141,292,215,838,24,12,0
Neuromusculoskeletal Medicine & OMM,2012,1777,708,23.698368,1,90,30,114,266,230,1125,29,13,0
Neuromusculoskeletal Medicine & OMM,2013,1726,703,24.407879,1,90,30,148,218,175,1143,23,19,0
Neuromusculoskeletal Medicine & OMM,2014,1753,733,23.920707,2,90,30,169,192,247,1078,42,25,0
Neuromusculoskeletal Medicine & OMM,2015,1734,756,23.713379,1,90,30,157,229,236,1065,12,35,0
Neuromusculoskeletal Medicine & OMM,2016,1546,812,23.168175,1,90,30,193,187,189,936,15,26,0
Neuromusculoskeletal Medicine & OMM,2017,1437,847,22.565762,1,90,30,159,218,228,794,11,27,0
Neuromusculoskeletal Medicine & OMM,2018,1244,759,23.417202,1,90,30,123,180,201,693,23,24,0
Neuromusculoskeletal Medicine & OMM,2019,947,573,21.762407,1,90,30,117,174,105,532,4,15,0
Neuromusculoskeletal Medicine & OMM,2020,662,282,24.163141,1,90,30,71,79,65,435,0,12,0
Neuromusculoskeletal Medicine & OMM,2021,525,154,24.127619,1,90,30,68,69,37,337,1,13,0
Neuromusculoskeletal Medicine & OMM,2022,509,118,22.139489,1,90,30,102,67,29,297,5,9,0
Neuromusculoskeletal Medicine & OMM,2023,345,30,16.828985,1,90,12,139,32,14,157,2,1,0
"Neuromusculoskeletal Medicine, Sports Medicine",2005,130,32,25.661538,2,90,30,4,10,20,95,0,1,0
"Neuromusculoskeletal Medicine, Sports Medicine",2006,1613,340,26.057656,1,90,30,50,130,270,1118,13,32,0
"Neuromusculoskeletal Medicine, Sports Medicine",2007,1868,197,25.337259,1,90,30,60,179,299,1299,10,21,0
"Neuromusculoskeletal Medicine, Sports Medicine",2008,2107,90,25.451352,2,90,30,54,178,336,1516,11,12,0
"Neuromusculoskeletal Medicine, Sports Medicine",2009,2057,74,26.441419,1,90,30,61,144,311,1502,14,25,0
"Neuromusculoskeletal Medicine, Sports Medicine",2010,2232,79,26.575716,1,90,30,71,132,327,1664,14,24,0
"Neuromusculoskeletal Medicine, Sports Medicine",2011,1901,92,26.873224,1,90,30,68,93,261,1445,6,28,0
"Neuromusculoskeletal Medicine, Sports Medicine",2012,2315,89,27.146004,2,90,30,76,141,219,1843,9,27,0
"Neuromusculoskeletal Medicine, Sports Medicine",2013,2352,86,26.345663,1,90,30,107,161,219,1839,6,20,0
"Neuromusculoskeletal Medicine, Sports Medicine",2014,2387,76,27.209049,1,90,30,76,151,205,1920,9,26,0
"Neuromusculoskeletal Medicine, Sports Medicine",2015,2872,8,26.491295,1,90,28,74,132,287,2343,10,26,0
"Neuromusculoskeletal Medicine, Sports Medicine",2016,2735,6,26.556489,1,90,28,54,93,269,2285,13,21,0
"Neuromusculoskeletal Medicine, Sports Medicine",2017,1104,19,26.5625,1,90,28,20,62,102,896,10,14,0
"Neuromusculoskeletal Medicine, Sports Medicine",2018,152,39,22.368421,3,60,30,14,14,32,91,1,0,0
"Neuromusculoskeletal Medicine, Sports Medicine",2019,163,37,23.981595,1,90,30,18,11,30,101,0,3,0
"Neuromusculoskeletal Medicine, Sports Medicine",2020,141,68,24.496453,2,90,30,17,16,5,101,0,2,0
"Neuromusculoskeletal Medicine, Sports Medicine",2021,146,64,24.047945,2,90,30,12,25,7,93,8,1,0
"Neuromusculoskeletal Medicine, Sports Medicine",2022,115,89,23.834782,3,90,30,5,22,18,66,1,3,0
"Neuromusculoskeletal Medicine, Sports Medicine",2023,82,48,24.365853,7,30,30,0,18,5,59,0,0,0
Nuclear Medicine,2005,4,0,3.25,1,6,3,3,1,0,0,0,0,0
Nuclear Medicine,2006,13,21,15.846153,2,30,20,3,1,5,4,0,0,0
Nuclear Medicine,2007,33,82,10.727272,2,30,10,4,19,9,1,0,0,0
Nuclear Medicine,2008,18,6,9.722222,2,22,9,8,2,7,1,0,0,0
Nuclear Medicine,2009,11,12,11.090909,2,30,7,4,4,1,2,0,0,0
Nuclear Medicine,2010,13,28,5.923076,2,12,4,7,5,1,0,0,0,0
Nuclear Medicine,2011,5,1,11.4,4,30,9,2,2,0,1,0,0,0
Nuclear Medicine,2012,18,45,10.5,2,30,5,10,1,5,2,0,0,0
Nuclear Medicine,2013,45,2,6.8,1,30,5,28,13,2,2,0,0,0
Nuclear Medicine,2014,92,34,8.913043,1,30,5,60,18,0,14,0,0,0
Nuclear Medicine,2015,24,2,10.416666,2,45,4,14,5,1,2,2,0,0
Nuclear Medicine,2016,75,1,7.133333,2,45,5,38,33,0,3,1,0,0
Nuclear Medicine,2017,54,0,7.037037,1,22,7,24,24,5,1,0,0,0
Nuclear Medicine,2018,60,1,6.733333,2,20,5,34,17,9,0,0,0,0
Nuclear Medicine,2019,95,11,14.031578,2,32,14,18,27,29,20,1,0,0
Nuclear Medicine,2020,93,0,15.591397,1,84,7,20,35,6,30,1,1,0
Nuclear Medicine,2021,27,0,18.148148,2,30,30,10,1,2,14,0,0,0
Nuclear Medicine,2022,33,0,5.272727,2,10,5,23,10,0,0,0,0,0
Nuclear Medicine,2023,26,0,4.307692,2,10,4,22,4,0,0,0,0,0
Nurse Practitioner,2005,53054,23950,17.779413,0,999,15,13864,9713,7877,20767,413,344,76
Nurse Practitioner,2006,87669,33664,17.687882,0,999,15,23298,15011,12258,36007,577,438,80
Nurse Practitioner,2007,111855,44007,18.069616,0,999,15,29106,17613,14872,48937,732,539,55
Nurse Practitioner,2008,152367,56335,18.314602,0,875,18,36232,24536,21245,68781,876,664,33
Nurse Practitioner,2009,182711,66247,19.121722,0,999,20,39949,27822,24019,88963,1060,838,60
Nurse Practitioner,2010,202393,71314,19.418156,0,667,24,45398,28531,24289,102014,1028,1081,50
Nurse Practitioner,2011,235952,113257,20.216344,0,667,30,49836,29001,25761,129010,1194,1115,35
Nurse Practitioner,2012,262009,146701,20.46164,0,300,30,52109,33125,29155,144851,1435,1301,32
Nurse Practitioner,2013,278234,119236,20.610338,0,305,30,52800,34646,31603,156778,1330,1042,35
Nurse Practitioner,2014,319040,117209,21.527419,0,365,30,54230,35172,33940,193143,1302,1215,38
Nurse Practitioner,2015,383283,123745,21.908467,0,360,30,60684,41557,40402,237915,1454,1246,25
Nurse Practitioner,2016,438035,122265,22.176533,0,236,30,63851,49549,44343,277348,1600,1313,30
Nurse Practitioner,2017,487415,134716,22.038041,0,300,30,67380,64929,44151,307736,1768,1424,26
Nurse Practitioner,2018,535960,124116,21.20105,0,300,30,74897,86500,48397,323623,1366,1147,28
Nurse Practitioner,2019,629937,131942,19.93144,1,365,28,87097,132093,64784,343894,1119,926,23
Nurse Practitioner,2020,736727,257206,19.298132,1,300,25,82305,193556,80999,377911,1012,918,24
Nurse Practitioner,2021,836709,397299,18.105189,1,281,15,96807,259657,91142,387071,1020,996,16
Nurse Practitioner,2022,858705,416345,17.531947,1,500,14,96880,277114,112505,370032,1214,935,25
Nurse Practitioner,2023,882476,393426,17.456246,1,473,14,98656,267238,147654,365869,1762,1044,253
Obstetrics & Gynecology,2005,52607,14999,5.147622,0,875,4,42085,8274,1457,726,17,10,38
Obstetrics & Gynecology,2006,89684,20117,5.036115,0,975,4,71575,14235,2540,1209,53,29,43
Obstetrics & Gynecology,2007,96839,22670,5.168496,0,667,4,75898,16385,3000,1426,50,28,52
Obstetrics & Gynecology,2008,104334,25628,5.195708,0,667,4,80012,19453,3233,1566,43,20,7
Obstetrics & Gynecology,2009,106016,23632,5.313867,0,875,5,80392,20734,3200,1621,31,20,18
Obstetrics & Gynecology,2010,102649,24311,5.579732,0,875,5,74830,22331,3249,2148,40,32,19
Obstetrics & Gynecology,2011,98661,25418,5.287013,0,375,5,74142,19828,2985,1637,42,18,9
Obstetrics & Gynecology,2012,103112,25408,5.335586,0,100,5,77317,20825,2910,1976,59,23,2
Obstetrics & Gynecology,2013,97120,20200,5.285245,0,120,5,73085,19583,2783,1586,54,28,1
Obstetrics & Gynecology,2014,92474,13340,5.245323,0,300,4,69993,18460,2478,1435,85,19,4
Obstetrics & Gynecology,2015,89473,5213,5.493713,0,100,5,65506,19055,3009,1762,119,19,3
Obstetrics & Gynecology,2016,90894,5365,5.480306,0,90,5,65901,20209,2790,1935,35,24,0
Obstetrics & Gynecology,2017,84030,4815,5.211888,1,180,5,62091,18230,2142,1512,36,18,1
Obstetrics & Gynecology,2018,75229,3189,4.870581,0,90,4,57074,15581,1589,968,9,8,0
Obstetrics & Gynecology,2019,71053,2684,4.846213,1,300,4,53585,15093,1404,947,14,8,2
Obstetrics & Gynecology,2020,62350,2411,4.846848,1,309,4,48454,11253,1411,1213,12,6,1
Obstetrics & Gynecology,2021,61686,5264,4.841665,1,90,4,48534,10191,1330,1609,13,9,0
Obstetrics & Gynecology,2022,59613,5485,5.532937,1,210,4,45571,9272,1532,3205,25,6,2
Obstetrics & Gynecology,2023,58322,3792,4.851514,1,90,3,46371,8471,1616,1847,10,7,0
Ophthalmology,2005,5883,4955,7.046744,0,667,4,3996,1195,424,243,8,6,11
Ophthalmology,2006,8590,4881,6.01199,0,667,4,6296,1723,305,235,7,8,16
Ophthalmology,2007,9412,5530,5.730237,0,667,4,6943,1869,311,264,5,5,15
Ophthalmology,2008,10031,4828,5.795832,0,667,4,7528,1839,372,262,13,1,16
Ophthalmology,2009,9869,4383,6.113385,1,625,4,7218,1870,383,373,8,2,15
Ophthalmology,2010,9230,4568,5.481473,0,667,4,6993,1667,326,235,0,2,7
Ophthalmology,2011,8394,4967,5.36812,1,300,4,6655,1089,444,183,12,7,4
Ophthalmology,2012,7387,4307,5.606606,1,200,4,5610,1175,308,278,2,7,7
Ophthalmology,2013,7487,3390,5.220515,0,200,4,5620,1341,307,213,0,3,3
Ophthalmology,2014,7929,2337,6.691512,0,90,4,5039,1757,520,564,48,1,0
Ophthalmology,2015,8535,694,7.84335,0,90,5,4857,2152,565,906,50,5,0
Ophthalmology,2016,8241,985,7.427011,1,90,5,4835,2132,453,731,87,3,0
Ophthalmology,2017,8337,941,7.239774,1,115,4,5274,1847,299,855,53,8,1
Ophthalmology,2018,6281,615,5.487501,1,90,4,4340,1566,96,265,10,4,0
Ophthalmology,2019,5309,424,4.443209,1,90,4,3755,1479,36,36,1,2,0
Ophthalmology,2020,4753,324,4.429623,1,30,4,3261,1444,18,30,0,0,0
Ophthalmology,2021,4246,278,4.597268,1,31,4,2865,1326,29,24,2,0,0
Ophthalmology,2022,3410,7,4.37126,1,30,4,2262,1126,13,9,0,0,0
Ophthalmology,2023,2994,9,4.109886,1,30,4,2165,811,12,6,0,0,0
Optometrist,2006,1,0,30,30,30,30,0,0,0,1,0,0,0
Optometrist,2007,2,1,6,6,6,6,0,2,0,0,0,0,0
Optometrist,2008,1,0,4,4,4,4,1,0,0,0,0,0,0
Optometrist,2009,4,0,7.5,5,13,6,2,1,1,0,0,0,0
Optometrist,2010,1,0,3,3,3,3,1,0,0,0,0,0,0
Optometrist,2011,1,0,30,30,30,30,0,0,0,1,0,0,0
Optometrist,2012,2,0,5,5,5,5,2,0,0,0,0,0,0
Optometrist,2013,3,0,13.333333,3,30,7,1,1,0,1,0,0,0
Optometrist,2014,3,0,16.666666,10,30,10,0,2,0,1,0,0,0
Optometrist,2015,9,0,7.444444,2,30,5,6,2,0,1,0,0,0
Optometrist,2016,12,0,6.083333,2,30,4,10,1,0,1,0,0,0
Optometrist,2017,4,0,5.75,5,7,5.5,2,2,0,0,0,0,0
Optometrist,2018,13,1,5.615384,1,30,3,10,2,0,1,0,0,0
Optometrist,2019,14,0,3.928571,1,16,3,13,0,1,0,0,0,0
Optometrist,2020,19,12,4.631578,2,7,4,12,7,0,0,0,0,0
Optometrist,2021,11,0,3.090909,1,8,3,10,1,0,0,0,0,0
Optometrist,2022,10,0,2.8,1,6,3,9,1,0,0,0,0,0
Optometrist,2023,7,0,4.428571,2,7,5,5,2,0,0,0,0,0
Oral & Maxillofacial Surgery,2005,29603,9311,3.571361,0,667,3,28015,1367,154,35,5,0,27
Oral & Maxillofacial Surgery,2006,49959,11630,3.52525,0,667,3,47558,2027,263,75,2,0,34
Oral & Maxillofacial Surgery,2007,55190,15072,3.552654,0,667,3,52566,2196,316,72,4,1,35
Oral & Maxillofacial Surgery,2008,58103,15738,3.487444,0,667,3,55080,2569,312,121,7,0,14
Oral & Maxillofacial Surgery,2009,60006,16466,3.488817,0,667,3,56637,2941,295,123,2,1,7
Oral & Maxillofacial Surgery,2010,60149,17092,3.662521,0,667,3,55699,4008,310,118,5,0,9
Oral & Maxillofacial Surgery,2011,59089,22101,3.543552,0,375,3,54906,3925,137,116,3,0,2
Oral & Maxillofacial Surgery,2012,67869,26848,3.517776,0,90,3,64408,3180,153,126,1,1,0
Oral & Maxillofacial Surgery,2013,69500,23924,3.483553,0,300,3,66182,3019,201,96,0,0,2
Oral & Maxillofacial Surgery,2014,65725,16702,3.5282,0,100,3,62337,3160,150,75,2,0,1
Oral & Maxillofacial Surgery,2015,64226,402,3.776336,0,200,3,59552,4397,162,103,10,1,1
Oral & Maxillofacial Surgery,2016,64417,169,3.732881,1,150,3,59763,4392,147,104,9,1,1
Oral & Maxillofacial Surgery,2017,65403,136,3.657767,1,60,3,60457,4766,92,79,9,0,0
Oral & Maxillofacial Surgery,2018,60989,196,3.537949,1,33,3,56050,4826,65,47,1,0,0
Oral & Maxillofacial Surgery,2019,60266,50,3.553977,1,30,3,54953,5211,65,37,0,0,0
Oral & Maxillofacial Surgery,2020,56244,41,3.322398,1,48,3,51725,4453,40,24,2,0,0
Oral & Maxillofacial Surgery,2021,59130,48,3.193285,1,300,3,54501,4574,24,28,2,0,1
Oral & Maxillofacial Surgery,2022,52691,12,3.121823,1,90,3,47949,4715,10,15,1,1,0
Oral & Maxillofacial Surgery,2023,50771,19,3.046699,1,30,3,46553,4202,11,5,0,0,0
Orthopaedic Surgery,2005,166365,78500,8.776689,0,999,6,81694,59800,17100,6854,311,207,399
Orthopaedic Surgery,2006,262911,103366,8.301467,0,999,6,128811,96559,26091,10364,445,226,415
Orthopaedic Surgery,2007,293990,121757,8.462542,0,999,6,138151,111976,30702,11990,450,293,427
Orthopaedic Surgery,2008,329538,136858,8.201612,0,999,6,150643,126236,36751,15027,534,237,110
Orthopaedic Surgery,2009,332685,129643,8.398587,0,999,6,146441,129278,39283,16782,570,236,95
Orthopaedic Surgery,2010,337695,131234,8.691304,0,999,6,143209,131650,41444,20468,610,238,76
Orthopaedic Surgery,2011,315682,142796,8.552708,0,667,6,135817,121672,38001,19423,562,195,11
Orthopaedic Surgery,2012,333931,147656,8.82511,0,125,7,141340,129051,37660,25053,591,232,2
Orthopaedic Surgery,2013,324946,124763,8.817409,0,317,7,135568,127094,38105,23435,569,169,5
Orthopaedic Surgery,2014,292711,79070,8.982972,0,473,7,117350,115452,39210,19969,604,120,5
Orthopaedic Surgery,2015,310649,24367,9.8906,0,280,8,101919,128861,52770,26192,757,132,15
Orthopaedic Surgery,2016,313226,23089,9.669021,0,313,8,100932,134399,54945,21966,850,129,5
Orthopaedic Surgery,2017,307470,20826,9.006969,1,125,7,101304,142802,44574,18016,691,79,3
Orthopaedic Surgery,2018,284450,15906,7.64586,0,588,7,103746,146945,23860,9528,313,51,6
Orthopaedic Surgery,2019,282521,11833,7.214161,0,715,7,98818,158916,17833,6737,178,27,12
Orthopaedic Surgery,2020,268138,10512,7.000186,1,120,7,92307,157365,12883,5463,99,16,5
Orthopaedic Surgery,2021,274484,7376,6.903411,1,280,7,90580,168291,10291,5211,93,13,5
Orthopaedic Surgery,2022,264349,8154,6.96449,1,140,7,87545,162658,7132,6898,87,27,2
Orthopaedic Surgery,2023,261715,6504,6.955684,1,450,7,86791,160845,6738,7223,91,22,5
Otolaryngology,2005,28027,18822,6.28262,0,999,5,19338,6757,1259,577,48,13,35
Otolaryngology,2006,45110,24785,6.211438,0,875,5,30590,11255,2096,1048,64,13,44
Otolaryngology,2007,49511,30247,6.272363,0,999,5,32035,13533,2652,1180,64,14,33
Otolaryngology,2008,55470,35034,6.148404,0,833,5,35342,15645,3211,1182,61,10,19
Otolaryngology,2009,55941,33139,6.125542,0,667,5,35791,15727,3053,1289,49,16,16
Otolaryngology,2010,54476,34232,6.000312,0,833,5,34594,15805,2936,1056,67,15,3
Otolaryngology,2011,54473,40675,6.089053,0,125,5,33619,16486,3220,1073,57,17,1
Otolaryngology,2012,54339,41422,6.061245,0,225,5,33491,16657,3002,1098,76,11,4
Otolaryngology,2013,49082,34087,6.006315,0,300,5,31107,14081,2814,998,73,8,1
Otolaryngology,2014,43630,21722,6.331423,0,100,5,26770,12449,3332,1016,53,9,1
Otolaryngology,2015,39950,2006,7.087934,0,500,5,21166,13658,3854,1178,74,14,6
Otolaryngology,2016,40052,1757,7.069035,1,150,5,20251,14895,3778,1020,85,19,4
Otolaryngology,2017,40307,1478,6.542411,1,560,5,20558,16694,2114,851,65,22,3
Otolaryngology,2018,38235,1231,5.966601,1,90,5,20148,16502,898,634,38,15,0
Otolaryngology,2019,40268,985,5.614607,1,90,5,21340,17860,638,389,30,11,0
Otolaryngology,2020,33513,11208,5.57142,1,90,5,18601,13776,641,466,24,5,0
Otolaryngology,2021,33541,15075,5.523955,1,90,5,18197,14459,446,413,18,8,0
Otolaryngology,2022,29308,845,5.19295,1,99,5,19021,9444,381,422,26,13,1
Otolaryngology,2023,32798,696,5.018507,1,90,4,21849,10110,392,427,12,8,0
Pain Medicine,2005,42527,9462,25.181813,0,999,30,1884,3894,6616,29170,602,307,54
Pain Medicine,2006,78387,13037,25.986783,0,999,30,2760,5929,10422,57949,787,465,75
Pain Medicine,2007,101814,16900,26.264718,0,999,30,2985,6467,12781,77829,1041,646,65
Pain Medicine,2008,128757,23592,26.442896,0,999,30,3579,7020,15652,100757,909,808,32
Pain Medicine,2009,146272,26828,26.837009,0,999,30,4239,6303,15771,118114,944,862,39
Pain Medicine,2010,181536,33940,27.265534,0,667,30,3758,6365,19116,150253,893,1122,29
Pain Medicine,2011,205090,61477,27.596981,0,480,30,3657,6560,18143,174546,945,1223,16
Pain Medicine,2012,263738,74118,27.650588,0,300,30,5468,7268,21421,227151,972,1426,32
Pain Medicine,2013,269851,57881,27.558282,0,210,30,6399,7940,20951,232167,935,1442,17
Pain Medicine,2014,304000,55245,27.765516,0,460,30,5604,9377,22036,264265,1081,1620,17
Pain Medicine,2015,338983,33803,28.150833,0,250,30,4045,7739,22566,301818,1089,1706,20
Pain Medicine,2016,388976,39946,28.285202,1,300,30,4151,8785,22361,350929,1064,1664,20
Pain Medicine,2017,407087,41786,27.816923,1,999,30,5157,17292,21897,360018,1007,1704,12
Pain Medicine,2018,362710,37107,27.587491,1,168,30,4963,19587,17199,319090,813,1052,6
Pain Medicine,2019,346504,32204,27.069335,1,320,30,5307,25684,15200,299176,513,615,9
Pain Medicine,2020,366526,35113,27.364699,1,120,30,5347,23867,15003,321464,376,460,9
Pain Medicine,2021,365070,41161,27.467209,1,300,30,5451,21830,14909,322180,309,380,10
Pain Medicine,2022,356890,41349,27.460371,1,180,30,5389,21294,14343,315218,337,307,2
Pain Medicine,2023,361390,40479,27.11285,1,240,30,5916,23918,17724,313222,335,257,18
Pathology,2005,6,1,8.166666,2,17,8,2,2,2,0,0,0,0
Pathology,2006,18,0,3.722222,2,6,3.5,17,1,0,0,0,0,0
Pathology,2007,24,11,8.541666,1,33,5,15,5,1,0,3,0,0
Pathology,2008,41,10,4.902439,2,14,4,32,8,1,0,0,0,0
Pathology,2009,79,17,5.531645,1,30,4,60,15,1,3,0,0,0
Pathology,2010,114,26,3.780701,1,18,3,99,13,2,0,0,0,0
Pathology,2011,94,24,4.904255,1,30,3,79,8,5,2,0,0,0
Pathology,2012,119,22,5.487394,2,30,4,89,17,11,2,0,0,0
Pathology,2013,90,27,6.477777,1,48,4,66,14,6,3,1,0,0
Pathology,2014,58,59,7.655172,2,30,7,20,32,4,2,0,0,0
Pathology,2015,67,92,8.791044,1,30,7,30,25,5,7,0,0,0
Pathology,2016,29,18,17.206896,3,90,8,11,6,8,1,0,3,0
Pathology,2017,462,42,6.082251,1,90,7,173,280,4,2,0,3,0
Pathology,2018,4280,1,6.815186,1,90,7,629,3415,232,1,0,3,0
Pathology,2019,6992,9,8.181779,1,90,7,767,4711,1471,39,0,4,0
Pathology,2020,12936,10133,8.812384,1,90,7,1197,7954,3692,89,0,4,0
Pathology,2021,7773,10469,8.909172,1,90,7,395,5223,2098,53,0,4,0
Pathology,2022,4696,4210,10.779173,1,90,12,93,2242,2263,95,1,2,0
Pathology,2023,3441,400,11.111595,1,30,14,106,1463,1761,111,0,0,0
Pediatrics,2005,11157,2532,9.251949,0,667,6,4909,3172,1861,1140,68,2,5
Pediatrics,2006,20079,3208,9.107674,0,667,6,8914,5759,3315,1976,93,17,5
Pediatrics,2007,18140,3057,8.721885,0,667,6,8534,5159,2705,1636,86,13,7
Pediatrics,2008,20466,3836,9.466236,0,462,6,9316,5369,3210,2411,142,10,8
Pediatrics,2009,24147,4270,10.140348,0,667,6,10198,6630,3688,3446,162,17,6
Pediatrics,2010,20119,4203,10.664893,0,120,6,8494,5228,2816,3445,119,14,3
Pediatrics,2011,20643,5048,10.805696,1,96,7,8460,5485,2972,3565,147,12,2
Pediatrics,2012,19510,5205,11.356586,0,120,7,8041,4915,2590,3793,147,18,6
Pediatrics,2013,14578,4174,10.460076,0,118,6,6597,3655,1778,2411,121,14,2
Pediatrics,2014,12780,3357,12.093974,0,118,7,5304,2835,1530,2994,93,23,1
Pediatrics,2015,14047,1847,14.833416,0,100,10,4636,2882,1716,4706,64,42,1
Pediatrics,2016,8923,1381,10.745489,1,120,7,3851,2394,1143,1476,23,34,2
Pediatrics,2017,8227,1290,11.033304,1,90,7,3341,2162,1115,1568,24,17,0
Pediatrics,2018,6224,988,10.261246,1,90,7,2694,1851,592,1066,16,5,0
Pediatrics,2019,5862,1091,10.090071,1,90,7,2260,2158,477,949,16,2,0
Pediatrics,2020,7422,5752,9.803422,1,158,7,2164,3483,786,980,7,1,1
Pediatrics,2021,5845,1972,9.703849,1,90,7,2523,1761,672,880,4,5,0
Pediatrics,2022,6442,676,12.770102,1,600,7,2354,1250,1227,1588,16,6,1
Pediatrics,2023,5806,615,13.473475,1,120,7,2369,959,566,1899,5,7,1
Peer Specialist,2005,283,135,11.247349,1,40,10,33,125,111,12,2,0,0
Peer Specialist,2006,307,65,11.537459,2,60,11,36,116,142,11,2,0,0
Peer Specialist,2007,361,55,12.653739,2,50,12,41,122,160,37,1,0,0
Peer Specialist,2008,335,76,11.489552,1,30,10,42,139,137,17,0,0,0
Peer Specialist,2009,317,63,12.1041,2,125,10,29,140,124,21,2,0,1
Peer Specialist,2010,323,157,12.188854,2,33,10,31,142,118,31,1,0,0
Peer Specialist,2011,288,104,11.21875,2,40,10,25,144,106,11,2,0,0
Peer Specialist,2012,246,119,12.203252,3,33,10,24,130,67,24,1,0,0
Peer Specialist,2013,300,180,11.75,3,30,10,30,157,101,12,0,0,0
Peer Specialist,2014,1,0,5,5,5,5,1,0,0,0,0,0,0
Peer Specialist,2017,1,0,4,4,4,4,1,0,0,0,0,0,0
Pharmacist,2005,45,4,10.933333,2,30,6,22,12,1,10,0,0,0
Pharmacist,2006,128,63,13.078125,1,100,5,67,15,9,36,0,0,1
Pharmacist,2007,145,98,15.737931,1,60,8,59,17,13,51,5,0,0
Pharmacist,2008,137,155,16.817518,1,50,15,47,15,13,61,1,0,0
Pharmacist,2009,139,141,15.978417,1,30,10,42,31,9,57,0,0,0
Pharmacist,2010,94,96,18.24468,2,30,21.5,20,20,7,47,0,0,0
Pharmacist,2011,1,2,30,30,30,30,0,0,0,1,0,0,0
Pharmacist,2013,1,0,6,6,6,6,0,1,0,0,0,0,0
Pharmacist,2014,1,0,6,6,6,6,0,1,0,0,0,0,0
Pharmacist,2020,1,5,6,6,6,6,0,1,0,0,0,0,0
Pharmacist,2022,1,4,30,30,30,30,0,0,0,1,0,0,0
Phlebology,2005,312,28,11.073717,2,375,7,120,142,35,10,1,2,2
Phlebology,2006,1054,189,10.639468,1,625,7,424,391,171,51,4,11,2
Phlebology,2007,618,112,9.375404,1,90,7,184,310,91,29,2,2,0
Phlebology,2008,429,47,8.109557,1,90,7,169,197,47,14,0,2,0
Phlebology,2009,540,107,7.551851,1,30,7,217,244,58,21,0,0,0
Phlebology,2010,402,152,8.126865,1,90,7,158,189,36,15,2,2,0
Phlebology,2011,180,108,6.566666,2,30,7,79,88,9,4,0,0,0
Phlebology,2012,188,49,5.010638,1,45,4.5,130,55,2,0,1,0,0
Phlebology,2013,162,51,6.265432,2,30,7,70,86,4,2,0,0,0
Phlebology,2014,203,89,10.783251,1,68,7,76,72,20,33,1,1,0
Phlebology,2015,227,38,12.828193,1,30,8,34,103,45,45,0,0,0
Phlebology,2016,140,34,11.071428,2,30,8,27,61,42,10,0,0,0
Phlebology,2017,18,3,6.888888,1,30,5,11,5,1,1,0,0,0
Phlebology,2018,19,2,5.789473,1,15,5,10,8,1,0,0,0,0
Phlebology,2019,31,2,5.677419,3,10,5,18,13,0,0,0,0,0
Phlebology,2020,6,0,5.666666,1,7,7,2,4,0,0,0,0,0
Phlebology,2021,7,1,9.714285,5,30,7,1,5,0,1,0,0,0
Phlebology,2022,5,0,10.6,4,30,7,2,2,0,1,0,0,0
Phlebology,2023,3,0,9.666666,7,15,7,0,2,1,0,0,0,0
Physical Medicine & Rehabilitation,2005,56780,13519,22.316167,0,999,30,9469,6958,6894,32226,444,684,105
Physical Medicine & Rehabilitation,2006,94795,23192,21.994925,0,999,30,16104,11342,12037,53598,737,837,140
Physical Medicine & Rehabilitation,2007,107495,30336,22.377022,0,999,30,16914,11677,13384,63904,732,761,123
Physical Medicine & Rehabilitation,2008,135498,39583,22.347606,0,999,30,20162,15467,16361,81841,676,835,155
Physical Medicine & Rehabilitation,2009,170819,49453,21.669597,0,999,30,30933,18485,18393,101119,862,901,126
Physical Medicine & Rehabilitation,2010,175119,46741,22.782599,0,999,30,25986,16450,18933,111655,786,1229,77
Physical Medicine & Rehabilitation,2011,174667,54148,22.867582,0,999,30,24647,15815,18748,113424,796,1220,17
Physical Medicine & Rehabilitation,2012,196869,54677,22.894279,0,600,30,26897,18392,20658,128923,795,1190,12
Physical Medicine & Rehabilitation,2013,199613,48015,23.958334,0,720,30,19107,18890,19837,140141,748,874,14
Physical Medicine & Rehabilitation,2014,193906,34293,25.629196,0,303,30,9137,15557,18225,149682,555,744,6
Physical Medicine & Rehabilitation,2015,217011,18728,26.174378,0,405,30,7567,16698,18463,172819,592,855,17
Physical Medicine & Rehabilitation,2016,234050,22603,26.257402,0,240,30,8351,18677,17046,188448,685,828,15
Physical Medicine & Rehabilitation,2017,236700,31846,25.489163,1,360,30,10463,25323,15306,184201,666,731,9
Physical Medicine & Rehabilitation,2018,239541,27539,24.316025,0,230,30,11374,36811,14595,175769,470,514,8
Physical Medicine & Rehabilitation,2019,248452,29901,23.609763,1,150,30,11347,44487,16485,175480,316,334,3
Physical Medicine & Rehabilitation,2020,224415,30552,24.493371,1,300,30,7127,34137,16464,166151,214,315,7
Physical Medicine & Rehabilitation,2021,206208,35221,24.85854,1,303,30,7095,22755,22004,153906,214,229,5
Physical Medicine & Rehabilitation,2022,200318,53235,24.432602,1,180,30,6182,26239,21857,145576,228,235,1
Physical Medicine & Rehabilitation,2023,188625,48125,24.189126,1,120,30,6210,24434,23167,134397,189,220,8
Physical Therapist,2005,7,0,7.142857,2,15,5,5,0,2,0,0,0,0
Physical Therapist,2006,13,0,4.538461,1,12,4,11,0,2,0,0,0,0
Physical Therapist,2007,36,13,3.138888,1,9,3,34,2,0,0,0,0,0
Physical Therapist,2008,38,0,4,1,5,4.5,38,0,0,0,0,0,0
Physical Therapist,2009,38,0,4.105263,1,10,4,36,2,0,0,0,0,0
Physical Therapist,2010,38,0,3.736842,1,15,3,36,1,1,0,0,0,0
Physical Therapist,2011,27,3,3.629629,1,14,3,25,1,1,0,0,0,0
Physical Therapist,2012,23,0,5.347826,2,30,4,20,1,1,1,0,0,0
Physical Therapist,2013,19,2,5.210526,2,15,4,14,4,1,0,0,0,0
Physical Therapist,2014,24,0,3.666666,2,7,4,22,2,0,0,0,0,0
Physical Therapist,2015,53,0,4.018867,2,7,4,48,5,0,0,0,0,0
Physical Therapist,2016,71,0,4.253521,2,12,4,68,2,1,0,0,0,0
Physical Therapist,2017,95,0,3.473684,1,15,3,91,2,2,0,0,0,0
Physical Therapist,2018,65,0,2.738461,1,6,3,64,1,0,0,0,0,0
Physical Therapist,2019,63,0,2.301587,1,3,2,63,0,0,0,0,0,0
Physical Therapist,2020,65,0,2.646153,1,5,3,65,0,0,0,0,0,0
Physical Therapist,2021,63,0,2.111111,1,4,2,63,0,0,0,0,0,0
Physical Therapist,2022,65,0,2.830769,1,30,2,62,1,1,1,0,0,0
Physical Therapist,2023,62,0,1.98387,1,5,2,62,0,0,0,0,0,0
Physician Assistant,2005,216,103,10.671296,2,40,6,107,45,34,29,1,0,0
Physician Assistant,2006,503,163,9.648111,1,37,6,248,130,65,59,1,0,0
Physician Assistant,2007,1140,228,7.08421,1,30,5,714,272,71,83,0,0,0
Physician Assistant,2008,8472,632,5.528564,1,875,4,6230,1472,474,282,10,2,2
Physician Assistant,2009,13827,812,5.3018,0,875,4,10344,2288,865,318,5,4,3
Physician Assistant,2010,16207,861,5.043191,0,667,4,12447,2804,669,262,13,3,9
Physician Assistant,2011,21950,2569,5.993895,0,120,4,16025,3677,909,1329,7,2,1
Physician Assistant,2012,28157,4074,7.160457,0,90,4,19065,4975,1335,2751,27,4,0
Physician Assistant,2013,35325,3744,9.809766,0,90,5,20987,5583,1907,6810,29,9,0
Physician Assistant,2014,49567,5198,11.756047,0,90,5,25147,8615,2965,12764,45,31,0
Physician Assistant,2015,123048,48550,19.53588,0,90,30,32743,13895,7433,68842,89,46,0
Physician Assistant,2016,103260,31613,17.817557,1,90,15,32302,13829,6743,50243,83,60,0
Physician Assistant,2017,78091,16747,14.849816,1,300,8,29672,14516,4687,29114,69,32,1
Physician Assistant,2018,73800,14004,14.775365,0,350,7,25780,16807,3645,27453,73,39,3
Physician Assistant,2019,68403,6505,13.264681,1,90,7,25988,17434,3545,21357,53,26,0
Physician Assistant,2020,68058,12035,14.272987,1,130,7,24348,16275,3510,23832,48,43,2
Physician Assistant,2021,83982,24243,13.05419,1,120,7,27361,28044,3649,24838,40,49,1
Physician Assistant,2022,80304,15051,10.946428,1,90,7,28905,30233,4234,16861,35,36,0
Physician Assistant,2023,79246,13805,11.046791,1,90,7,29932,27520,4500,17207,59,28,0
Plastic Surgery,2005,9524,2957,6.296409,1,875,5,7125,2135,158,75,7,0,24
Plastic Surgery,2006,14330,3635,5.410188,0,875,5,11029,2896,237,142,8,5,13
Plastic Surgery,2007,14702,4535,5.438919,0,875,5,11515,2824,216,114,8,6,19
Plastic Surgery,2008,15034,4509,4.968404,0,625,5,11764,2929,227,101,5,7,1
Plastic Surgery,2009,16019,4343,5.0098,0,667,5,12343,3332,236,99,3,2,4
Plastic Surgery,2010,15950,4435,4.944827,0,667,5,12479,3166,185,109,2,6,3
Plastic Surgery,2011,15406,5257,4.762105,0,375,4,12533,2534,223,111,0,4,1
Plastic Surgery,2012,16077,6047,4.807115,1,90,4,13040,2672,237,116,7,5,0
Plastic Surgery,2013,14624,4590,4.76224,1,90,4,11910,2397,230,80,3,4,0
Plastic Surgery,2014,13713,3110,4.763727,1,80,4,11166,2293,196,57,0,1,0
Plastic Surgery,2015,13876,325,5.148601,1,70,5,10477,3022,284,86,6,1,0
Plastic Surgery,2016,14404,359,5.314773,1,60,5,10298,3579,447,77,3,0,0
Plastic Surgery,2017,13536,367,5.084293,1,50,5,9955,3197,305,75,4,0,0
Plastic Surgery,2018,13112,301,4.744356,1,56,5,9751,3220,112,26,3,0,0
Plastic Surgery,2019,12924,212,4.61289,1,60,5,9835,2999,66,18,6,0,0
Plastic Surgery,2020,11951,199,4.537862,1,40,5,9198,2700,39,13,1,0,0
Plastic Surgery,2021,14023,204,4.538971,1,30,5,10929,3019,52,23,0,0,0
Plastic Surgery,2022,13824,110,4.345775,1,56,4,11055,2708,44,15,2,0,0
Plastic Surgery,2023,14089,131,4.362623,1,40,4,10984,3036,50,17,2,0,0
Podiatrist,2005,28729,10935,8.92283,0,999,5,16637,6952,2460,2526,72,29,53
Podiatrist,2006,44646,13874,8.436388,0,833,5,25641,11518,3413,3833,143,56,42
Podiatrist,2007,51002,16145,8.514195,0,999,5,28310,14055,3935,4425,183,49,45
Podiatrist,2008,52568,16996,8.550258,0,894,5,27950,15147,4615,4626,157,54,19
Podiatrist,2009,54075,15438,9.357577,0,999,6,26634,16071,5177,5936,174,45,38
Podiatrist,2010,54035,15809,10.330711,0,999,6,24357,16706,5501,7166,182,70,53
Podiatrist,2011,51198,18238,10.206355,0,999,6,23029,15952,5090,6878,153,57,39
Podiatrist,2012,54918,19966,10.03538,0,999,6,25068,16688,5465,7396,192,66,43
Podiatrist,2013,54338,15105,9.723655,0,800,6,25097,16706,5433,6872,161,38,31
Podiatrist,2014,50586,11596,9.82847,0,999,6,22673,16344,4904,6408,172,63,22
Podiatrist,2015,52548,4413,10.383097,0,400,7,20437,19067,5721,6981,228,97,17
Podiatrist,2016,52066,3277,9.84364,1,500,7,20496,20066,5373,5857,190,65,18
Podiatrist,2017,49777,3395,8.932157,1,120,7,20803,20284,3917,4580,130,62,1
Podiatrist,2018,41623,2270,8.073108,0,120,6,19096,17076,2080,3286,49,34,2
Podiatrist,2019,40785,1484,7.775407,1,100,7,18596,17579,1506,3050,37,16,1
Podiatrist,2020,37719,1585,7.871629,1,90,7,17018,16390,1301,2956,38,16,0
Podiatrist,2021,37785,1334,7.826068,1,90,7,15128,18704,1036,2869,36,12,0
Podiatrist,2022,37078,1157,7.706645,1,100,7,14717,18592,1090,2632,25,20,2
Podiatrist,2023,36878,879,7.583681,1,120,7,14835,18542,1015,2435,15,33,3
Preventive Medicine,2005,4095,1480,9.816361,0,180,5,2302,784,297,626,74,9,3
Preventive Medicine,2006,6916,3054,11.250144,0,180,6,3416,1382,596,1425,80,16,1
Preventive Medicine,2007,7667,3744,12.12182,0,333,6,3672,1404,657,1870,39,24,1
Preventive Medicine,2008,9961,4555,11.878526,1,180,6,4924,1759,723,2518,17,19,1
Preventive Medicine,2009,10241,2877,12.14354,0,180,6,5093,1593,843,2658,37,16,1
Preventive Medicine,2010,9976,2147,12.456395,0,300,6,4580,1893,881,2562,26,32,2
Preventive Medicine,2011,9175,3213,14.508446,1,90,8,3560,1693,782,3090,22,28,0
Preventive Medicine,2012,8544,4513,15.239934,0,100,10,3111,1468,811,3110,14,29,1
Preventive Medicine,2013,7542,1812,12.033147,1,90,6,3455,1606,651,1784,20,26,0
Preventive Medicine,2014,7524,1283,13.224348,1,90,7,3061,1649,653,2118,19,24,0
Preventive Medicine,2015,8100,1478,14.061234,1,120,7,3254,1533,665,2611,17,17,3
Preventive Medicine,2016,8262,1833,15.69753,1,120,10,2938,1470,639,3164,18,32,1
Preventive Medicine,2017,7314,1530,17.555509,1,90,15,2161,1200,596,3311,4,42,0
Preventive Medicine,2018,7066,1111,16.401217,1,90,12,1647,1803,837,2742,2,35,0
Preventive Medicine,2019,15186,1398,11.993941,1,90,7,2468,7027,2936,2724,9,22,0
Preventive Medicine,2020,15523,857,12.297365,1,90,7,1734,7336,3587,2853,6,7,0
Preventive Medicine,2021,10590,640,15.422474,1,90,14,899,3656,2764,3257,4,10,0
Preventive Medicine,2022,7967,718,17.436425,1,90,14,677,2218,1868,3183,8,13,0
Preventive Medicine,2023,6147,475,17.351228,1,180,14,517,1796,1390,2430,3,10,1
Psychiatry & Neurology,2005,36454,28102,20.319416,0,999,20,7197,5967,5210,17029,511,489,51
Psychiatry & Neurology,2006,56798,40279,19.033205,0,999,16,11774,10513,8443,24758,674,604,32
Psychiatry & Neurology,2007,68250,49529,19.345142,0,999,20,13884,11905,10076,30793,780,765,47
Psychiatry & Neurology,2008,81661,58420,19.763289,0,999,20,17123,13400,11504,37799,814,878,143
Psychiatry & Neurology,2009,96792,61651,19.692236,0,999,20,21858,14743,12785,45460,879,929,138
Psychiatry & Neurology,2010,105296,73963,20.70221,0,999,27,21184,14313,12956,54711,915,1106,111
Psychiatry & Neurology,2011,97088,97684,21.263719,0,667,30,16611,12489,12343,53706,838,1082,19
Psychiatry & Neurology,2012,106268,96188,20.757038,0,184,30,19873,13300,13416,57808,792,1077,1
Psychiatry & Neurology,2013,101489,91870,20.7139,0,152,28,19090,12587,12920,55034,749,1107,2
Psychiatry & Neurology,2014,89835,92721,20.36183,0,180,27,17705,11666,11357,47460,598,1045,4
Psychiatry & Neurology,2015,109495,64124,20.863646,0,180,28,18157,14805,14612,59974,631,1305,10
Psychiatry & Neurology,2016,115736,64335,20.578402,0,180,28,17864,17876,15251,63018,668,1049,10
Psychiatry & Neurology,2017,121441,72958,19.723075,1,250,24,18569,22560,16095,62725,639,845,8
Psychiatry & Neurology,2018,119222,67825,19.190124,0,360,21,15747,26799,16272,59216,542,641,5
Psychiatry & Neurology,2019,130510,70293,19.041307,1,180,21,13723,33380,17776,64664,494,471,2
Psychiatry & Neurology,2020,117430,81931,20.362241,1,93,28,8924,26185,16826,64651,470,373,1
Psychiatry & Neurology,2021,119532,100234,19.485861,1,252,22,7833,33518,15945,61474,458,302,2
Psychiatry & Neurology,2022,113853,93393,19.204684,1,180,20,6660,32519,17966,55943,457,305,3
Psychiatry & Neurology,2023,107364,80234,18.875814,1,120,15,6429,29154,21149,49970,444,213,5
Psychologist,2005,18,18,6.833333,4,7,7,1,17,0,0,0,0,0
Psychologist,2006,4,0,24,6,30,30,0,1,0,3,0,0,0
Psychologist,2007,3,0,4.333333,2,7,4,2,1,0,0,0,0,0
Psychologist,2008,9,6,16.222222,2,30,13,1,3,1,4,0,0,0
Psychologist,2009,25,9,18.08,3,30,15,4,4,8,9,0,0,0
Psychologist,2010,9,6,8.555555,2,30,5,5,3,0,1,0,0,0
Psychologist,2011,9,5,31.666666,1,90,30,4,0,0,3,0,2,0
Psychologist,2012,2,0,67.5,45,90,67.5,0,0,0,0,1,1,0
Psychologist,2013,2,0,16.5,3,30,16.5,1,0,0,1,0,0,0
Psychologist,2014,1,0,10,10,10,10,0,1,0,0,0,0,0
Psychologist,2015,1,0,1,1,1,1,1,0,0,0,0,0,0
Psychologist,2016,6,0,16,3,30,16.5,2,1,0,3,0,0,0
Psychologist,2017,128,13,16.835937,1,30,14.5,23,26,28,51,0,0,0
Psychologist,2018,122,17,19.188524,1,30,23.5,16,19,17,70,0,0,0
Psychologist,2019,182,17,20.236263,1,33,26,18,31,29,103,1,0,0
Psychologist,2020,128,0,23.421875,2,30,28,9,15,5,99,0,0,0
Psychologist,2021,169,0,23.130177,1,35,28,7,23,22,115,2,0,0
Psychologist,2022,261,19,23.954022,1,30,28,12,29,29,191,0,0,0
Psychologist,2023,1834,1293,7.799345,1,200,6,840,649,127,215,1,0,2
Radiologic Technologist,2005,4,2,11.25,2,19,12,2,0,2,0,0,0,0
Radiologic Technologist,2006,16,0,7.75,3,30,5,9,5,1,1,0,0,0
Radiologic Technologist,2007,10,0,5,1,9,5,7,3,0,0,0,0,0
Radiologic Technologist,2008,43,1,5.906976,1,15,5,24,16,3,0,0,0,0
Radiologic Technologist,2009,30,3,29.733333,2,667,5,21,6,1,0,0,1,1
Radiologic Technologist,2010,18,0,5,1,15,3.5,13,4,1,0,0,0,0
Radiologic Technologist,2011,7,0,10.571428,3,30,10,3,2,1,1,0,0,0
Radiologic Technologist,2012,4,0,4.5,3,6,4.5,3,1,0,0,0,0,0
Radiologic Technologist,2015,1,0,3,3,3,3,1,0,0,0,0,0,0
Radiologic Technologist,2016,5,0,2.8,2,4,3,5,0,0,0,0,0,0
Radiologic Technologist,2017,11,0,12.818181,2,30,3,7,0,0,4,0,0,0
Radiologic Technologist,2018,7,0,13.857142,2,30,10,2,2,2,1,0,0,0
Radiologic Technologist,2019,6,0,26.666666,20,30,30,0,0,2,4,0,0,0
Radiologic Technologist,2020,122,5,24.163934,2,30,30,6,17,6,93,0,0,0
Radiologic Technologist,2021,223,6,25.098654,1,90,30,4,37,8,173,0,1,0
Radiologic Technologist,2022,162,2,25.351851,4,90,30,2,22,14,123,0,1,0
Radiologic Technologist,2023,40,1,25.925,5,30,30,1,6,0,33,0,0,0
Radiology,2005,6464,3120,13.322246,0,999,8,2065,1986,1386,929,54,24,20
Radiology,2006,9289,3621,13.549251,0,999,8,2959,2797,1905,1500,71,30,27
Radiology,2007,9566,5028,13.632552,0,999,8,2931,2879,2036,1584,84,28,24
Radiology,2008,10774,5737,12.864117,0,667,9,3058,3340,2258,1991,94,23,8
Radiology,2009,10880,5633,13.360753,0,667,10,3119,3121,2283,2262,65,17,13
Radiology,2010,11621,6327,14.007486,1,667,10,3092,3282,2366,2770,68,35,8
Radiology,2011,9980,6125,14.314328,1,375,10,2727,2512,2028,2615,75,22,1
Radiology,2012,10028,6383,14.045173,1,92,10,2992,2378,1906,2670,73,8,1
Radiology,2013,10036,6070,14.31646,0,92,10,2899,2487,1741,2815,78,15,1
Radiology,2014,9417,3104,14.609748,0,180,10,2616,2194,1858,2670,70,7,2
Radiology,2015,9357,1280,13.821951,0,100,10,2454,2310,2409,2085,89,7,3
Radiology,2016,10903,1447,12.359442,1,95,9,2883,3378,2747,1831,57,4,3
Radiology,2017,10322,1339,12.963669,1,94,10,2559,3259,2459,1964,72,5,4
Radiology,2018,9460,1190,12.592811,0,150,10,2329,3123,2225,1730,47,4,2
Radiology,2019,8658,701,12.057403,1,125,8,2258,2972,1971,1408,34,14,1
Radiology,2020,7856,1159,12.527494,1,120,10,1768,2770,1892,1395,24,6,1
Radiology,2021,6561,613,12.608901,1,90,9,1527,2385,1359,1266,19,5,0
Radiology,2022,6371,693,11.780725,1,90,8,1644,2323,1406,965,26,7,0
Radiology,2023,6279,427,10.945373,1,300,8,1798,2222,1506,735,13,3,2
Registered Nurse,2005,2737,1121,19.428936,0,667,15,412,612,605,1030,37,31,10
Registered Nurse,2006,5450,2110,19.335963,0,333,16,1021,953,986,2394,37,45,14
Registered Nurse,2007,6832,3289,19.344115,0,975,20,1296,1104,1143,3189,49,50,1
Registered Nurse,2008,8246,4560,19.732718,1,667,20,1468,1412,1294,3952,59,56,5
Registered Nurse,2009,9507,4304,20.89839,1,90,30,1597,1249,1241,5293,68,59,0
Registered Nurse,2010,14297,6281,23.854165,0,667,30,1585,1465,1372,9643,113,116,3
Registered Nurse,2011,15643,10806,23.745061,0,180,30,1802,1538,1530,10584,55,132,2
Registered Nurse,2012,19194,13722,23.78363,1,100,30,2073,1747,2175,13000,51,146,2
Registered Nurse,2013,17526,11242,23.920803,1,120,30,1552,1576,2326,11900,50,121,1
Registered Nurse,2014,16167,6788,22.563493,1,100,30,1792,1890,2109,10262,54,59,1
Registered Nurse,2015,21410,4365,23.457076,0,90,30,2138,2111,2444,14566,85,66,0
Registered Nurse,2016,22171,5508,23.70069,1,240,30,2251,2285,2065,15438,75,56,1
Registered Nurse,2017,23218,6991,22.102894,1,90,30,2872,3331,2186,14706,70,53,0
Registered Nurse,2018,23173,5234,20.661934,1,120,30,3191,4273,2166,13474,40,28,1
Registered Nurse,2019,27296,5753,20.517291,1,109,30,3330,5624,2515,15754,54,18,1
Registered Nurse,2020,29686,12228,17.774742,1,90,14,2697,10118,3594,13207,40,30,0
Registered Nurse,2021,33921,21618,14.681849,1,90,8,3330,15379,4584,10557,51,20,0
Registered Nurse,2022,33255,19296,15.097098,1,287,10,3406,13479,5469,10855,27,18,1
Registered Nurse,2023,26796,16617,17.896999,1,90,14,1966,8208,4803,11781,36,2,0
"Respiratory Therapist, Certified",2011,58,0,3.172413,2,20,2,52,5,1,0,0,0,0
"Respiratory Therapist, Certified",2012,177,0,3,0,30,2,155,19,0,3,0,0,0
"Respiratory Therapist, Certified",2013,10,0,9.8,0,30,7,2,6,0,2,0,0,0
"Respiratory Therapist, Certified",2014,6,6,13.333333,7,30,12,0,2,3,1,0,0,0
"Respiratory Therapist, Certified",2015,75,0,19.693333,1,30,22,12,12,13,38,0,0,0
"Respiratory Therapist, Certified",2016,277,185,18.512635,3,90,15,28,68,72,108,0,1,0
"Respiratory Therapist, Certified",2017,116,6,14.905172,2,30,12,11,42,41,22,0,0,0
"Respiratory Therapist, Certified",2018,582,260,10.919243,1,60,7,276,97,84,124,1,0,0
"Respiratory Therapist, Certified",2019,570,107,11.44035,1,60,8,228,127,97,117,1,0,0
"Respiratory Therapist, Certified",2021,1,1,15,15,15,15,0,0,1,0,0,0,0
"Sleep Specialist, PhD",2005,73,135,13.315068,2,30,15,11,19,38,5,0,0,0
"Sleep Specialist, PhD",2006,95,26,10.052631,2,120,7,36,30,23,5,0,0,1
"Sleep Specialist, PhD",2007,160,57,14.325,2,90,10,27,54,38,40,0,1,0
"Sleep Specialist, PhD",2008,190,29,10.88421,2,30,6,92,33,23,42,0,0,0
"Sleep Specialist, PhD",2009,151,31,12.39735,2,34,7,62,27,18,43,1,0,0
"Sleep Specialist, PhD",2010,39,13,17.948717,3,30,15,4,7,12,16,0,0,0
"Sleep Specialist, PhD",2011,39,30,19.333333,3,30,15,4,8,8,19,0,0,0
"Sleep Specialist, PhD",2012,36,31,17.333333,2,30,14,7,7,7,15,0,0,0
"Sleep Specialist, PhD",2013,69,79,16.521739,4,33,14,6,25,14,23,1,0,0
"Sleep Specialist, PhD",2014,39,33,20.128205,2,90,15,2,14,4,18,0,1,0
"Sleep Specialist, PhD",2015,71,52,20.366197,3,90,15,9,17,20,21,0,4,0
"Sleep Specialist, PhD",2016,230,68,12.452173,1,90,7,68,92,30,36,0,4,0
"Sleep Specialist, PhD",2017,195,44,10.897435,2,32,7,88,54,17,35,1,0,0
"Sleep Specialist, PhD",2018,211,13,8.336492,1,30,5,122,54,13,22,0,0,0
"Sleep Specialist, PhD",2019,199,9,6.577889,1,30,5,130,49,11,9,0,0,0
"Sleep Specialist, PhD",2020,54,6,7.759259,1,30,6.5,22,25,5,2,0,0,0
"Sleep Specialist, PhD",2021,11,6,10,6,16,8,0,7,4,0,0,0,0
"Sleep Specialist, PhD",2022,11,2,11.363636,3,30,8,2,4,3,2,0,0,0
"Sleep Specialist, PhD",2023,7,3,16,2,48,10,2,2,1,1,1,0,0
Specialist,2005,635,51,4.943307,1,667,3,576,25,17,16,0,0,1
Specialist,2006,924,57,4.298701,1,30,3,823,40,18,43,0,0,0
Specialist,2007,1165,56,4.202575,1,40,3,1016,87,18,42,2,0,0
Specialist,2008,1144,89,3.876748,1,30,2,1020,72,22,30,0,0,0
Specialist,2009,1013,75,3.952615,0,30,3,925,45,17,26,0,0,0
Specialist,2010,961,88,4.094693,1,30,3,856,69,15,21,0,0,0
Specialist,2011,909,112,3.811881,1,60,3,842,41,6,18,2,0,0
Specialist,2012,929,81,3.775026,1,30,3,854,45,14,16,0,0,0
Specialist,2013,1065,70,4.748356,1,30,3,888,101,56,20,0,0,0
Specialist,2014,1144,29,4.937062,1,30,4,902,189,33,20,0,0,0
Specialist,2015,1277,0,5.605324,1,31,5,836,388,43,9,1,0,0
Specialist,2016,1397,2,6.274874,1,51,5,862,419,89,24,3,0,0
Specialist,2017,1164,50,7.741408,1,33,5,606,368,116,71,3,0,0
Specialist,2018,6103,80,6.646403,1,60,7,2407,2907,731,56,2,0,0
Specialist,2019,4427,44,8.189292,1,35,7,1218,2190,850,168,1,0,0
Specialist,2020,1764,126,8.669501,1,30,7,362,916,435,51,0,0,0
Specialist,2021,724,30,9.248618,1,30,7,263,233,171,57,0,0,0
Specialist,2022,347,28,8.910662,2,30,7,167,66,93,21,0,0,0
Specialist,2023,330,4,8.824242,2,31,5,186,37,91,15,1,0,0
"Specialist/Technologist, Health Information",2005,94,33,10.93617,2,90,7,32,38,8,15,0,1,0
"Specialist/Technologist, Health Information",2006,351,168,13.817663,1,90,8,113,110,64,49,6,9,0
"Specialist/Technologist, Health Information",2007,460,141,15.086956,1,90,10,95,170,84,98,4,9,0
"Specialist/Technologist, Health Information",2008,483,135,17.559006,2,90,12,81,154,90,137,8,13,0
"Specialist/Technologist, Health Information",2009,541,161,14.593345,1,90,10,151,151,88,141,5,5,0
"Specialist/Technologist, Health Information",2010,441,144,15.299319,2,90,10,99,140,75,120,2,5,0
"Specialist/Technologist, Health Information",2011,388,178,15.613402,1,60,10,78,136,45,121,8,0,0
"Specialist/Technologist, Health Information",2012,417,293,14.990407,1,90,10,102,136,45,133,0,1,0
"Specialist/Technologist, Health Information",2013,316,131,16.386075,2,90,10,73,98,29,112,2,2,0
"Specialist/Technologist, Health Information",2014,113,11,8.070796,1,30,6,50,50,7,6,0,0,0
"Specialist/Technologist, Health Information",2015,157,2,7.573248,1,30,5,88,45,14,10,0,0,0
"Specialist/Technologist, Health Information",2016,181,73,9.232044,1,30,8,59,68,47,7,0,0,0
"Specialist/Technologist, Health Information",2017,235,86,10.33617,1,30,10,74,55,98,8,0,0,0
"Specialist/Technologist, Health Information",2018,139,3,5.388489,1,30,5,97,36,4,2,0,0,0
"Specialist/Technologist, Health Information",2019,167,5,6.20958,1,30,5,93,59,13,2,0,0,0
"Specialist/Technologist, Health Information",2020,124,0,5.645161,1,30,5,75,42,6,1,0,0,0
"Specialist/Technologist, Health Information",2021,131,1,5.244274,1,29,5,87,41,1,2,0,0,0
"Specialist/Technologist, Health Information",2022,10,0,4.6,1,10,3.5,7,3,0,0,0,0,0
"Specialist/Technologist, Health Information",2023,6,0,4.833333,1,7,6,2,4,0,0,0,0,0
"Specialist/Technologist, Other",2005,9,0,20.333333,1,30,22,2,0,0,7,0,0,0
"Specialist/Technologist, Other",2006,144,122,18.229166,1,30,20,34,24,16,70,0,0,0
"Specialist/Technologist, Other",2007,270,390,19.014814,2,50,20,50,39,59,116,6,0,0
"Specialist/Technologist, Other",2008,309,546,18.475728,2,90,15,58,70,46,129,3,3,0
"Specialist/Technologist, Other",2009,330,720,19.845454,1,90,20,49,56,70,152,1,2,0
"Specialist/Technologist, Other",2010,708,897,26.874293,1,90,30,35,48,87,511,18,9,0
"Specialist/Technologist, Other",2011,1389,1374,28.914326,2,90,30,14,36,116,1189,13,21,0
"Specialist/Technologist, Other",2012,1611,1535,28.013035,1,90,30,22,41,159,1363,15,11,0
"Specialist/Technologist, Other",2013,1993,2004,27.450075,1,90,30,35,75,171,1696,10,6,0
"Specialist/Technologist, Other",2014,1895,1774,27.069129,1,90,30,81,81,132,1580,18,3,0
"Specialist/Technologist, Other",2015,1681,202,26.019631,2,90,30,146,87,95,1338,12,3,0
"Specialist/Technologist, Other",2016,2009,334,26.79542,1,90,30,109,121,82,1688,8,1,0
"Specialist/Technologist, Other",2017,2089,284,26.853039,2,90,30,145,105,77,1748,3,11,0
"Specialist/Technologist, Other",2018,1632,250,25.924632,2,90,30,98,143,86,1296,2,7,0
"Specialist/Technologist, Other",2019,1960,331,21.562244,1,90,30,146,493,106,1210,1,4,0
"Specialist/Technologist, Other",2020,2235,278,22.547651,1,90,30,91,541,134,1466,0,3,0
"Specialist/Technologist, Other",2021,2569,355,21.49163,1,60,30,88,778,122,1580,1,0,0
"Specialist/Technologist, Other",2022,2544,262,22.799135,1,90,30,89,647,81,1724,2,1,0
"Specialist/Technologist, Other",2023,2767,246,22.845681,1,90,30,99,670,134,1863,0,1,0
Surgery,2005,58547,26609,6.583531,0,875,4,43914,9685,3006,1724,55,40,123
Surgery,2006,88831,32984,6.200031,0,999,4,66589,14880,4249,2866,97,44,106
Surgery,2007,96055,40002,5.953609,0,875,4,71247,17382,4253,2967,92,60,54
Surgery,2008,103933,45380,5.960772,0,999,5,75595,20435,4816,2904,88,55,39
Surgery,2009,107386,45748,5.816968,0,667,5,78412,21250,4879,2644,118,63,20
Surgery,2010,106704,46943,5.910003,0,833,5,75604,23112,5244,2546,112,68,18
Surgery,2011,101273,51686,5.787426,0,375,5,72568,20863,5310,2337,131,60,4
Surgery,2012,105615,47834,6.018065,0,150,5,74072,22380,5900,3049,152,56,4
Surgery,2013,103088,42316,6.359576,0,240,5,70317,22469,6150,3945,147,55,3
Surgery,2014,98260,27147,7.385752,0,90,5,64014,21354,4794,7867,160,70,0
Surgery,2015,97862,3287,8.273405,0,120,5,57029,24341,6409,9882,142,57,2
Surgery,2016,99232,3020,7.656915,0,90,5,58818,25991,6499,7761,112,51,0
Surgery,2017,103305,2597,7.25718,1,90,5,62660,26292,7339,6858,115,41,0
Surgery,2018,93816,2460,6.543286,0,90,5,60843,21369,6917,4634,39,14,0
Surgery,2019,90530,2255,5.987462,1,180,5,62104,19209,5617,3553,37,8,2
Surgery,2020,80288,1956,5.588518,1,180,4,57963,15661,3799,2824,29,11,1
Surgery,2021,79666,2408,5.609507,1,180,4,57469,14986,4105,3078,11,16,1
Surgery,2022,75069,1090,5.500885,1,90,4,55297,13160,3625,2964,18,5,0
Surgery,2023,77312,831,5.120058,1,90,4,59497,12530,2781,2464,29,11,0
"Technician, Cardiology",2005,77,69,12.077922,4,30,7,18,37,7,15,0,0,0
"Technician, Cardiology",2006,65,47,14.030769,2,30,10,18,22,6,19,0,0,0
"Technician, Cardiology",2007,54,89,14.666666,5,30,10,16,12,10,16,0,0,0
"Technician, Cardiology",2008,56,63,20.839285,1,30,30,3,12,12,29,0,0,0
"Technician, Cardiology",2009,54,43,12.981481,1,30,10,13,25,3,13,0,0,0
"Technician, Cardiology",2010,42,26,14.404761,3,30,10,11,15,4,12,0,0,0
"Technician, Cardiology",2011,36,22,13.888888,2,30,8,13,7,5,11,0,0,0
"Technician, Cardiology",2012,49,46,14.959183,2,90,7,20,9,7,12,0,1,0
"Technician, Cardiology",2013,48,1,6.8125,2,30,5,27,17,2,2,0,0,0
"Technician, Cardiology",2014,24,0,7.5,2,30,5,15,5,2,2,0,0,0
"Technician, Cardiology",2015,13,0,11.846153,3,30,10,4,4,4,1,0,0,0
"Technician, Cardiology",2016,1,0,5,5,5,5,1,0,0,0,0,0,0
"Technician, Cardiology",2017,3,1,7.666666,3,15,5,2,0,1,0,0,0,0
"Technician, Cardiology",2018,4,0,5,3,7,5,2,2,0,0,0,0,0
"Technician, Cardiology",2019,1,0,3,3,3,3,1,0,0,0,0,0,0
"Technician, Other",2007,1,0,40,40,40,40,0,0,0,0,1,0,0
"Technician, Other",2011,4,5,8.5,1,20,6.5,2,1,1,0,0,0,0
"Technician, Other",2012,25,60,12.44,2,30,10,7,8,5,5,0,0,0
"Technician, Other",2013,53,8,14.509433,4,30,10,12,19,8,14,0,0,0
"Technician, Other",2014,95,91,18.621052,3,90,13,10,31,16,28,8,2,0
"Technician, Other",2015,201,379,22.830845,2,90,30,20,28,47,94,7,5,0
"Technician, Other",2016,149,296,24.436241,3,90,30,9,24,22,84,7,3,0
"Technician, Other",2017,123,243,25.00813,1,90,30,10,23,18,49,20,3,0
"Technician, Other",2018,86,235,22.255813,5,45,20,4,8,40,27,7,0,0
"Technician, Other",2019,111,250,26.666666,4,90,30,1,8,33,63,4,2,0
"Technician, Other",2020,98,206,26.061224,3,90,30,2,12,20,59,3,2,0
"Technician, Other",2021,57,64,27.701754,5,90,30,1,10,4,37,4,1,0
"Technician, Other",2022,78,81,27.205128,3,120,30,4,11,8,49,3,1,2
"Technician, Other",2023,54,73,17.87037,1,30,11.5,5,22,3,24,0,0,0
Thoracic Surgery (Cardiothoracic Vascular Surgery),2005,4878,1723,10.704387,0,999,6,2200,1922,589,125,4,7,31
Thoracic Surgery (Cardiothoracic Vascular Surgery),2006,7901,2500,8.691558,1,667,6,3733,3202,775,156,9,4,22
Thoracic Surgery (Cardiothoracic Vascular Surgery),2007,8214,2462,8.46165,0,667,6,3538,3664,819,158,14,2,19
Thoracic Surgery (Cardiothoracic Vascular Surgery),2008,7655,2201,7.684911,0,875,7,3083,3679,723,157,9,2,2
Thoracic Surgery (Cardiothoracic Vascular Surgery),2009,7812,2049,7.599334,0,667,6,3411,3480,692,219,7,1,2
Thoracic Surgery (Cardiothoracic Vascular Surgery),2010,8035,2505,7.657249,0,473,6,3487,3604,668,251,15,9,1
Thoracic Surgery (Cardiothoracic Vascular Surgery),2011,7860,3040,7.186259,0,80,6,3522,3530,574,226,5,3,0
Thoracic Surgery (Cardiothoracic Vascular Surgery),2012,7549,2811,7.298052,1,80,6,3219,3455,704,156,13,2,0
Thoracic Surgery (Cardiothoracic Vascular Surgery),2013,7425,2689,7.297912,0,825,6,3438,3186,616,173,7,4,1
Thoracic Surgery (Cardiothoracic Vascular Surgery),2014,7298,2126,7.541107,1,70,6,3298,2819,1022,154,2,3,0
Thoracic Surgery (Cardiothoracic Vascular Surgery),2015,6743,180,8.556428,1,60,7,2376,2891,1247,211,18,0,0
Thoracic Surgery (Cardiothoracic Vascular Surgery),2016,6896,228,8.658352,1,72,7,2441,2818,1386,236,14,1,0
Thoracic Surgery (Cardiothoracic Vascular Surgery),2017,6845,169,7.927392,1,60,7,2499,3135,1026,175,10,0,0
Thoracic Surgery (Cardiothoracic Vascular Surgery),2018,7192,168,6.732897,0,47,7,2898,3672,532,87,3,0,0
Thoracic Surgery (Cardiothoracic Vascular Surgery),2019,8894,229,11.574319,1,150,7,3219,3293,272,2105,4,0,1
Thoracic Surgery (Cardiothoracic Vascular Surgery),2020,5870,1295,5.721294,1,30,6,2897,2766,166,41,0,0,0
Thoracic Surgery (Cardiothoracic Vascular Surgery),2021,6494,773,5.918848,1,30,6,3029,3169,252,44,0,0,0
Thoracic Surgery (Cardiothoracic Vascular Surgery),2022,6635,295,5.670082,1,90,6,3202,3224,161,47,0,1,0
Thoracic Surgery (Cardiothoracic Vascular Surgery),2023,7052,105,5.527651,1,90,6,3425,3426,164,34,1,2,0
Transplant Surgery,2005,170,30,19.711764,1,333,10,59,40,29,35,1,2,4
Transplant Surgery,2006,202,19,12.668316,1,60,8,73,47,38,42,2,0,0
Transplant Surgery,2007,302,108,10.71192,1,45,7,136,82,33,50,1,0,0
Transplant Surgery,2008,318,117,11.172955,1,30,7,120,110,27,61,0,0,0
Transplant Surgery,2009,469,289,14.343283,1,30,10,149,114,63,143,0,0,0
Transplant Surgery,2010,356,378,15.654494,1,90,10,117,77,33,126,2,1,0
Transplant Surgery,2011,429,423,17.153846,1,90,12,84,127,43,170,2,3,0
Transplant Surgery,2012,940,467,12.235106,2,90,8,297,356,81,201,2,3,0
Transplant Surgery,2013,1030,429,11.948543,1,90,7,403,333,78,203,5,8,0
Transplant Surgery,2014,1014,360,10.989151,1,180,7,425,287,160,132,4,4,2
Transplant Surgery,2015,1022,269,11.625244,1,90,8,340,314,222,140,1,5,0
Transplant Surgery,2016,1209,378,11.576509,1,90,8,355,379,313,155,4,3,0
Transplant Surgery,2017,1202,548,11.386023,1,90,7,369,462,182,177,8,4,0
Transplant Surgery,2018,1077,397,10.690807,1,90,7,314,545,40,166,5,7,0
Transplant Surgery,2019,1046,513,10.922562,1,99,6,493,301,33,214,0,4,1
Transplant Surgery,2020,995,674,10.415075,1,90,7,430,345,40,177,1,2,0
Transplant Surgery,2021,1180,693,10.295762,1,90,7,405,533,40,194,5,3,0
Transplant Surgery,2022,994,361,8.900402,1,90,7,390,459,18,119,6,2,0
Transplant Surgery,2023,1180,87,8.122881,1,90,7,451,497,176,49,4,3,0
Urology,2005,18583,5689,5.570682,0,875,4,15174,2754,363,221,29,6,36
Urology,2006,29869,7809,5.437677,0,833,4,24036,4891,531,343,17,7,44
Urology,2007,32180,9024,5.405407,0,875,4,25368,5663,659,415,11,23,41
Urology,2008,34816,10047,5.039062,0,625,4,26973,6552,763,482,36,5,5
Urology,2009,37052,10445,5.24498,0,667,4,28581,6743,1030,647,27,16,8
Urology,2010,38998,11130,5.534206,0,667,5,29066,7877,1160,841,28,13,13
Urology,2011,37737,14046,5.358693,0,667,4,28833,6818,1280,775,12,17,2
Urology,2012,40820,12815,5.796129,0,180,4,30735,7125,1291,1632,21,15,1
Urology,2013,40723,10734,6.141909,0,100,5,29685,7677,1194,2124,29,13,1
Urology,2014,41204,9129,6.509707,0,90,5,29586,7579,1318,2675,29,17,0
Urology,2015,39675,1599,5.724486,0,90,4,29350,7689,1379,1203,23,31,0
Urology,2016,41077,1494,5.574384,1,90,4,30051,8650,1285,1060,15,16,0
Urology,2017,41354,1398,5.466508,1,734,4,30563,8601,1090,1056,24,19,1
Urology,2018,39479,1308,5.362319,0,200,4,29351,8119,810,1169,23,6,1
Urology,2019,36465,1035,5.089592,1,90,4,29004,5796,400,1237,20,8,0
Urology,2020,31124,840,4.909394,1,151,4,25294,4479,283,1053,4,10,1
Urology,2021,29552,613,4.21122,1,90,4,24301,4737,231,282,0,1,0
Urology,2022,27815,328,4.109437,1,60,3,22985,4366,192,263,9,0,0
Urology,2023,27993,451,4.111349,1,220,3,23453,3930,285,314,6,4,1
Veterinarian,2005,428,460,17.728971,0,133,13,103,93,113,78,36,3,2
Veterinarian,2006,993,930,16.973816,1,714,12,226,266,239,196,58,4,4
Veterinarian,2007,1135,1041,16.166519,1,120,12,259,303,295,201,61,11,5
Veterinarian,2008,1550,1872,18.763225,0,600,13,323,410,373,314,103,8,19
Veterinarian,2009,1492,1916,17.367292,1,200,14,345,335,393,289,113,11,6
Veterinarian,2010,1779,2338,17.358628,0,375,10,480,456,320,363,125,16,19
Veterinarian,2011,1666,2640,16.403361,0,200,10,425,423,356,361,78,15,8
Veterinarian,2012,1989,3315,17.459024,1,180,13,410,521,468,441,109,27,13
Veterinarian,2013,1941,3152,17.520865,1,200,13,386,505,486,455,67,26,16
Veterinarian,2014,5825,13729,23.00515,1,180,20,552,974,1510,2193,457,106,29
Veterinarian,2015,10564,20615,23.8936,1,443,22,656,1730,2804,4209,964,162,39
Veterinarian,2016,11107,21896,24.962366,0,1095,25,693,1623,2847,4675,992,216,59
Veterinarian,2017,12491,24145,24.564886,1,240,25,719,1926,3161,5212,1189,232,51
Veterinarian,2018,11631,29426,24.189407,0,253,25,684,1805,2904,4964,1047,191,36
Veterinarian,2019,15828,30038,22.272175,0,240,20,1283,3237,3783,6110,1158,200,57
Veterinarian,2020,25981,41743,20.533543,1,300,16,2732,6202,6143,8939,1585,311,68
Veterinarian,2021,32814,53950,20.172944,1,600,15,3945,8057,7195,11233,1955,366,62
Veterinarian,2022,26399,37549,20.034243,1,360,15,3018,6747,5729,9044,1507,286,68
Veterinarian,2023,19562,28328,19.87992,1,240,15,2441,4909,4174,6671,1106,215,46
